<?xml version="1.0" encoding="UTF-8"?>
<document version="1.2.0">
  <chunks next_id="1" active_id="0">
    <chunk id="0" path="0/chunk.zip"/>
  </chunks>
  <meta>
    <property name="Info/LastSavedDateTime" value="2023:11:30 06:35:03"/>
    <property name="Info/LastSavedSoftwareVersion" value="2.0.3.16960"/>
    <property name="Info/OriginalDateTime" value="2023:11:30 06:08:45"/>
    <property name="Info/OriginalSoftwareName" value="Agisoft Metashape"/>
    <property name="Info/OriginalSoftwareVendor" value="Agisoft"/>
    <property name="Info/OriginalSoftwareVersion" value="2.0.3.16960"/>
    <property name="Project/AbsolutePaths" value="false"/>
  </meta>
</document>
