<?xml version="1.0" encoding="UTF-8"?>
<point_cloud version="1.2.0">
  <params>
    <dataType>uint8</dataType>
    <bands>
      <band label="Red"/>
      <band label="Green"/>
      <band label="Blue"/>
    </bands>
  </params>
  <tracks path="tracks.ply" count="31405"/>
  <points component_id="0" path="points0.ply" count="21197"/>
  <projections camera_id="0" path="p0.ply" count="1507"/>
  <projections camera_id="1" path="p1.ply" count="1699"/>
  <projections camera_id="2" path="p2.ply" count="1247"/>
  <projections camera_id="3" path="p3.ply" count="1232"/>
  <projections camera_id="4" path="p4.ply" count="1474"/>
  <projections camera_id="5" path="p5.ply" count="1247"/>
  <projections camera_id="6" path="p6.ply" count="1201"/>
  <projections camera_id="7" path="p7.ply" count="1319"/>
  <projections camera_id="8" path="p8.ply" count="1450"/>
  <projections camera_id="9" path="p9.ply" count="1398"/>
  <projections camera_id="10" path="p10.ply" count="1833"/>
  <projections camera_id="11" path="p11.ply" count="1647"/>
  <projections camera_id="12" path="p12.ply" count="1383"/>
  <projections camera_id="13" path="p13.ply" count="1074"/>
  <projections camera_id="14" path="p14.ply" count="1313"/>
  <projections camera_id="15" path="p15.ply" count="1782"/>
  <projections camera_id="16" path="p16.ply" count="1970"/>
  <projections camera_id="17" path="p17.ply" count="1774"/>
  <projections camera_id="18" path="p18.ply" count="1207"/>
  <projections camera_id="19" path="p19.ply" count="2264"/>
  <projections camera_id="20" path="p20.ply" count="1517"/>
  <projections camera_id="21" path="p21.ply" count="1312"/>
  <projections camera_id="22" path="p22.ply" count="1428"/>
  <projections camera_id="23" path="p23.ply" count="1256"/>
  <projections camera_id="24" path="p24.ply" count="1052"/>
  <projections camera_id="25" path="p25.ply" count="945"/>
  <projections camera_id="26" path="p26.ply" count="980"/>
  <projections camera_id="27" path="p27.ply" count="1267"/>
  <projections camera_id="28" path="p28.ply" count="1069"/>
  <projections camera_id="29" path="p29.ply" count="1196"/>
  <projections camera_id="30" path="p30.ply" count="1115"/>
  <projections camera_id="31" path="p31.ply" count="1270"/>
  <projections camera_id="32" path="p32.ply" count="1515"/>
  <projections camera_id="33" path="p33.ply" count="1566"/>
  <projections camera_id="34" path="p34.ply" count="1896"/>
  <projections camera_id="35" path="p35.ply" count="1313"/>
  <projections camera_id="36" path="p36.ply" count="1169"/>
  <projections camera_id="37" path="p37.ply" count="1227"/>
  <projections camera_id="38" path="p38.ply" count="1231"/>
  <projections camera_id="39" path="p39.ply" count="1414"/>
  <projections camera_id="40" path="p40.ply" count="1846"/>
  <projections camera_id="41" path="p41.ply" count="1938"/>
  <projections camera_id="42" path="p42.ply" count="1638"/>
  <projections camera_id="43" path="p43.ply" count="916"/>
  <projections camera_id="44" path="p44.ply" count="1098"/>
  <projections camera_id="45" path="p45.ply" count="868"/>
  <projections camera_id="46" path="p46.ply" count="608"/>
  <projections camera_id="47" path="p47.ply" count="2063"/>
  <projections camera_id="48" path="p48.ply" count="1455"/>
  <projections camera_id="49" path="p49.ply" count="2156"/>
  <projections camera_id="50" path="p50.ply" count="657"/>
  <projections camera_id="51" path="p51.ply" count="1710"/>
  <projections camera_id="52" path="p52.ply" count="2871"/>
  <projections camera_id="53" path="p53.ply" count="1341"/>
  <projections camera_id="54" path="p54.ply" count="511"/>
  <projections camera_id="55" path="p55.ply" count="3409"/>
  <projections camera_id="56" path="p56.ply" count="1863"/>
  <projections camera_id="57" path="p57.ply" count="3032"/>
  <projections camera_id="58" path="p58.ply" count="2829"/>
  <projections camera_id="59" path="p59.ply" count="2003"/>
  <projections camera_id="60" path="p60.ply" count="1772"/>
  <meta>
    <property name="Info/LastSavedDateTime" value="2023:11:30 06:35:02"/>
    <property name="Info/LastSavedSoftwareVersion" value="2.0.3.16960"/>
    <property name="Info/OriginalDateTime" value="2023:11:30 06:10:22"/>
    <property name="Info/OriginalSoftwareVersion" value="2.0.3.16960"/>
    <property name="MatchPhotos/cameras" value=""/>
    <property name="MatchPhotos/descriptor_type" value="binary"/>
    <property name="MatchPhotos/descriptor_version" value="1.1.0"/>
    <property name="MatchPhotos/downscale" value="1"/>
    <property name="MatchPhotos/duration" value="65.87453"/>
    <property name="MatchPhotos/filter_stationary_points" value="true"/>
    <property name="MatchPhotos/generic_preselection" value="true"/>
    <property name="MatchPhotos/guided_matching" value="false"/>
    <property name="MatchPhotos/keep_keypoints" value="false"/>
    <property name="MatchPhotos/keypoint_limit" value="40000"/>
    <property name="MatchPhotos/keypoint_limit_per_mpx" value="1000"/>
    <property name="MatchPhotos/max_workgroup_size" value="100"/>
    <property name="MatchPhotos/ram_used" value="541278208"/>
    <property name="MatchPhotos/reference_preselection" value="false"/>
    <property name="MatchPhotos/reference_preselection_mode" value="1"/>
    <property name="MatchPhotos/reset_matches" value="false"/>
    <property name="MatchPhotos/subdivide_task" value="true"/>
    <property name="MatchPhotos/tiepoint_limit" value="4000"/>
    <property name="MatchPhotos/workitem_size_cameras" value="20"/>
    <property name="MatchPhotos/workitem_size_pairs" value="80"/>
  </meta>
</point_cloud>
