<?xml version="1.0" encoding="UTF-8"?>
<document version="1.2.0">
  <chunks next_id="3" active_id="2">
    <chunk id="2" path="2/chunk.zip"/>
  </chunks>
  <meta>
    <property name="Info/LastSavedDateTime" value="2023:11:29 22:35:29"/>
    <property name="Info/LastSavedSoftwareVersion" value="2.0.3.16960"/>
    <property name="Info/OriginalDateTime" value="2023:11:29 20:36:48"/>
    <property name="Info/OriginalSoftwareName" value="Agisoft Metashape"/>
    <property name="Info/OriginalSoftwareVendor" value="Agisoft"/>
    <property name="Info/OriginalSoftwareVersion" value="2.0.3.16960"/>
    <property name="Project/AbsolutePaths" value="false"/>
  </meta>
</document>
