<?xml version="1.0" encoding="UTF-8"?>
<point_cloud version="1.2.0">
  <params>
    <dataType>uint8</dataType>
    <bands>
      <band label="Red"/>
      <band label="Green"/>
      <band label="Blue"/>
    </bands>
  </params>
  <tracks path="tracks.ply" count="36256"/>
  <points component_id="0" path="points0.ply" count="26683"/>
  <projections camera_id="0" path="p0.ply" count="1949"/>
  <projections camera_id="1" path="p1.ply" count="1529"/>
  <projections camera_id="2" path="p2.ply" count="1490"/>
  <projections camera_id="3" path="p3.ply" count="1237"/>
  <projections camera_id="4" path="p4.ply" count="1176"/>
  <projections camera_id="5" path="p5.ply" count="1326"/>
  <projections camera_id="6" path="p6.ply" count="1495"/>
  <projections camera_id="7" path="p7.ply" count="1872"/>
  <projections camera_id="8" path="p8.ply" count="1538"/>
  <projections camera_id="9" path="p9.ply" count="1504"/>
  <projections camera_id="10" path="p10.ply" count="1482"/>
  <projections camera_id="11" path="p11.ply" count="1285"/>
  <projections camera_id="12" path="p12.ply" count="1464"/>
  <projections camera_id="13" path="p13.ply" count="1313"/>
  <projections camera_id="14" path="p14.ply" count="1130"/>
  <projections camera_id="15" path="p15.ply" count="1734"/>
  <projections camera_id="16" path="p16.ply" count="1438"/>
  <projections camera_id="17" path="p17.ply" count="1271"/>
  <projections camera_id="18" path="p18.ply" count="1144"/>
  <projections camera_id="19" path="p19.ply" count="1177"/>
  <projections camera_id="20" path="p20.ply" count="1174"/>
  <projections camera_id="21" path="p21.ply" count="1158"/>
  <projections camera_id="22" path="p22.ply" count="1306"/>
  <projections camera_id="23" path="p23.ply" count="1824"/>
  <projections camera_id="24" path="p24.ply" count="2046"/>
  <projections camera_id="25" path="p25.ply" count="2029"/>
  <projections camera_id="26" path="p26.ply" count="2169"/>
  <projections camera_id="27" path="p27.ply" count="2047"/>
  <projections camera_id="28" path="p28.ply" count="1892"/>
  <projections camera_id="29" path="p29.ply" count="2015"/>
  <projections camera_id="30" path="p30.ply" count="1770"/>
  <projections camera_id="31" path="p31.ply" count="2106"/>
  <projections camera_id="32" path="p32.ply" count="2084"/>
  <projections camera_id="33" path="p33.ply" count="1808"/>
  <projections camera_id="34" path="p34.ply" count="1742"/>
  <projections camera_id="35" path="p35.ply" count="1563"/>
  <projections camera_id="36" path="p36.ply" count="1964"/>
  <projections camera_id="37" path="p37.ply" count="2010"/>
  <projections camera_id="38" path="p38.ply" count="1958"/>
  <projections camera_id="39" path="p39.ply" count="1581"/>
  <projections camera_id="40" path="p40.ply" count="1908"/>
  <projections camera_id="41" path="p41.ply" count="1961"/>
  <projections camera_id="42" path="p42.ply" count="1989"/>
  <projections camera_id="43" path="p43.ply" count="2397"/>
  <projections camera_id="44" path="p44.ply" count="2570"/>
  <projections camera_id="45" path="p45.ply" count="1250"/>
  <projections camera_id="46" path="p46.ply" count="2403"/>
  <projections camera_id="47" path="p47.ply" count="1848"/>
  <projections camera_id="48" path="p48.ply" count="2071"/>
  <projections camera_id="49" path="p49.ply" count="1474"/>
  <projections camera_id="50" path="p50.ply" count="1366"/>
  <projections camera_id="51" path="p51.ply" count="1302"/>
  <projections camera_id="52" path="p52.ply" count="1467"/>
  <projections camera_id="53" path="p53.ply" count="1699"/>
  <projections camera_id="54" path="p54.ply" count="1831"/>
  <projections camera_id="55" path="p55.ply" count="1388"/>
  <projections camera_id="56" path="p56.ply" count="1596"/>
  <projections camera_id="57" path="p57.ply" count="1616"/>
  <projections camera_id="58" path="p58.ply" count="2712"/>
  <projections camera_id="59" path="p59.ply" count="2887"/>
  <meta>
    <property name="Info/LastSavedDateTime" value="2023:11:01 03:06:00"/>
    <property name="Info/LastSavedSoftwareVersion" value="2.0.3.16960"/>
    <property name="Info/OriginalDateTime" value="2023:11:01 01:32:10"/>
    <property name="Info/OriginalSoftwareVersion" value="2.0.3.16960"/>
    <property name="MatchPhotos/cameras" value=""/>
    <property name="MatchPhotos/descriptor_type" value="binary"/>
    <property name="MatchPhotos/descriptor_version" value="1.1.0"/>
    <property name="MatchPhotos/downscale" value="2"/>
    <property name="MatchPhotos/duration" value="10.599237"/>
    <property name="MatchPhotos/filter_stationary_points" value="true"/>
    <property name="MatchPhotos/generic_preselection" value="true"/>
    <property name="MatchPhotos/guided_matching" value="false"/>
    <property name="MatchPhotos/keep_keypoints" value="false"/>
    <property name="MatchPhotos/keypoint_limit" value="40000"/>
    <property name="MatchPhotos/keypoint_limit_per_mpx" value="1000"/>
    <property name="MatchPhotos/max_workgroup_size" value="100"/>
    <property name="MatchPhotos/ram_used" value="201474048"/>
    <property name="MatchPhotos/reference_preselection" value="false"/>
    <property name="MatchPhotos/reference_preselection_mode" value="1"/>
    <property name="MatchPhotos/reset_matches" value="false"/>
    <property name="MatchPhotos/subdivide_task" value="true"/>
    <property name="MatchPhotos/tiepoint_limit" value="4000"/>
    <property name="MatchPhotos/workitem_size_cameras" value="20"/>
    <property name="MatchPhotos/workitem_size_pairs" value="80"/>
  </meta>
</point_cloud>
