<?xml version="1.0" encoding="UTF-8"?>
<depth_maps version="1.5.0">
  <depth_map camera_id="0" level="0" path="0/d0.exr">
    <calibration type="frame">
      <resolution width="3000" height="2000"/>
      <f>2472.7995595712528</f>
      <cx>-41.596690847183254</cx>
      <cy>-37.855790308780456</cy>
    </calibration>
  </depth_map>
  <depth_map camera_id="0" level="1" path="1/d0.exr">
    <calibration type="frame">
      <resolution width="1500" height="1000"/>
      <f>1236.3997797856264</f>
      <cx>-20.798345423591627</cx>
      <cy>-18.927895154390228</cy>
    </calibration>
  </depth_map>
  <depth_map camera_id="0" level="2" path="2/d0.exr">
    <calibration type="frame">
      <resolution width="750" height="500"/>
      <f>618.19988989281319</f>
      <cx>-10.399172711795813</cx>
      <cy>-9.463947577195114</cy>
    </calibration>
  </depth_map>
  <depth_map camera_id="1" level="0" path="0/d1.exr">
    <calibration type="frame">
      <resolution width="3000" height="2000"/>
      <f>2472.7995595712528</f>
      <cx>-41.596690847183254</cx>
      <cy>-37.855790308780456</cy>
    </calibration>
  </depth_map>
  <depth_map camera_id="1" level="1" path="1/d1.exr">
    <calibration type="frame">
      <resolution width="1500" height="1000"/>
      <f>1236.3997797856264</f>
      <cx>-20.798345423591627</cx>
      <cy>-18.927895154390228</cy>
    </calibration>
  </depth_map>
  <depth_map camera_id="1" level="2" path="2/d1.exr">
    <calibration type="frame">
      <resolution width="750" height="500"/>
      <f>618.19988989281319</f>
      <cx>-10.399172711795813</cx>
      <cy>-9.463947577195114</cy>
    </calibration>
  </depth_map>
  <depth_map camera_id="2" level="0" path="0/d2.exr">
    <calibration type="frame">
      <resolution width="3000" height="2000"/>
      <f>2472.7995595712528</f>
      <cx>-41.596690847183254</cx>
      <cy>-37.855790308780456</cy>
    </calibration>
  </depth_map>
  <depth_map camera_id="2" level="1" path="1/d2.exr">
    <calibration type="frame">
      <resolution width="1500" height="1000"/>
      <f>1236.3997797856264</f>
      <cx>-20.798345423591627</cx>
      <cy>-18.927895154390228</cy>
    </calibration>
  </depth_map>
  <depth_map camera_id="2" level="2" path="2/d2.exr">
    <calibration type="frame">
      <resolution width="750" height="500"/>
      <f>618.19988989281319</f>
      <cx>-10.399172711795813</cx>
      <cy>-9.463947577195114</cy>
    </calibration>
  </depth_map>
  <depth_map camera_id="3" level="0" path="0/d3.exr">
    <calibration type="frame">
      <resolution width="3000" height="2000"/>
      <f>2472.7995595712528</f>
      <cx>-41.596690847183254</cx>
      <cy>-37.855790308780456</cy>
    </calibration>
  </depth_map>
  <depth_map camera_id="3" level="1" path="1/d3.exr">
    <calibration type="frame">
      <resolution width="1500" height="1000"/>
      <f>1236.3997797856264</f>
      <cx>-20.798345423591627</cx>
      <cy>-18.927895154390228</cy>
    </calibration>
  </depth_map>
  <depth_map camera_id="3" level="2" path="2/d3.exr">
    <calibration type="frame">
      <resolution width="750" height="500"/>
      <f>618.19988989281319</f>
      <cx>-10.399172711795813</cx>
      <cy>-9.463947577195114</cy>
    </calibration>
  </depth_map>
  <depth_map camera_id="4" level="0" path="0/d4.exr">
    <calibration type="frame">
      <resolution width="3000" height="2000"/>
      <f>2472.7995595712528</f>
      <cx>-41.596690847183254</cx>
      <cy>-37.855790308780456</cy>
    </calibration>
  </depth_map>
  <depth_map camera_id="4" level="1" path="1/d4.exr">
    <calibration type="frame">
      <resolution width="1500" height="1000"/>
      <f>1236.3997797856264</f>
      <cx>-20.798345423591627</cx>
      <cy>-18.927895154390228</cy>
    </calibration>
  </depth_map>
  <depth_map camera_id="4" level="2" path="2/d4.exr">
    <calibration type="frame">
      <resolution width="750" height="500"/>
      <f>618.19988989281319</f>
      <cx>-10.399172711795813</cx>
      <cy>-9.463947577195114</cy>
    </calibration>
  </depth_map>
  <depth_map camera_id="5" level="0" path="0/d5.exr">
    <calibration type="frame">
      <resolution width="3000" height="2000"/>
      <f>2472.7995595712528</f>
      <cx>-41.596690847183254</cx>
      <cy>-37.855790308780456</cy>
    </calibration>
  </depth_map>
  <depth_map camera_id="5" level="1" path="1/d5.exr">
    <calibration type="frame">
      <resolution width="1500" height="1000"/>
      <f>1236.3997797856264</f>
      <cx>-20.798345423591627</cx>
      <cy>-18.927895154390228</cy>
    </calibration>
  </depth_map>
  <depth_map camera_id="5" level="2" path="2/d5.exr">
    <calibration type="frame">
      <resolution width="750" height="500"/>
      <f>618.19988989281319</f>
      <cx>-10.399172711795813</cx>
      <cy>-9.463947577195114</cy>
    </calibration>
  </depth_map>
  <depth_map camera_id="6" level="0" path="0/d6.exr">
    <calibration type="frame">
      <resolution width="3000" height="2000"/>
      <f>2472.7995595712528</f>
      <cx>-41.596690847183254</cx>
      <cy>-37.855790308780456</cy>
    </calibration>
  </depth_map>
  <depth_map camera_id="6" level="1" path="1/d6.exr">
    <calibration type="frame">
      <resolution width="1500" height="1000"/>
      <f>1236.3997797856264</f>
      <cx>-20.798345423591627</cx>
      <cy>-18.927895154390228</cy>
    </calibration>
  </depth_map>
  <depth_map camera_id="6" level="2" path="2/d6.exr">
    <calibration type="frame">
      <resolution width="750" height="500"/>
      <f>618.19988989281319</f>
      <cx>-10.399172711795813</cx>
      <cy>-9.463947577195114</cy>
    </calibration>
  </depth_map>
  <depth_map camera_id="7" level="0" path="0/d7.exr">
    <calibration type="frame">
      <resolution width="3000" height="2000"/>
      <f>2472.7995595712528</f>
      <cx>-41.596690847183254</cx>
      <cy>-37.855790308780456</cy>
    </calibration>
  </depth_map>
  <depth_map camera_id="7" level="1" path="1/d7.exr">
    <calibration type="frame">
      <resolution width="1500" height="1000"/>
      <f>1236.3997797856264</f>
      <cx>-20.798345423591627</cx>
      <cy>-18.927895154390228</cy>
    </calibration>
  </depth_map>
  <depth_map camera_id="7" level="2" path="2/d7.exr">
    <calibration type="frame">
      <resolution width="750" height="500"/>
      <f>618.19988989281319</f>
      <cx>-10.399172711795813</cx>
      <cy>-9.463947577195114</cy>
    </calibration>
  </depth_map>
  <depth_map camera_id="8" level="0" path="0/d8.exr">
    <calibration type="frame">
      <resolution width="3000" height="2000"/>
      <f>2472.7995595712528</f>
      <cx>-41.596690847183254</cx>
      <cy>-37.855790308780456</cy>
    </calibration>
  </depth_map>
  <depth_map camera_id="8" level="1" path="1/d8.exr">
    <calibration type="frame">
      <resolution width="1500" height="1000"/>
      <f>1236.3997797856264</f>
      <cx>-20.798345423591627</cx>
      <cy>-18.927895154390228</cy>
    </calibration>
  </depth_map>
  <depth_map camera_id="8" level="2" path="2/d8.exr">
    <calibration type="frame">
      <resolution width="750" height="500"/>
      <f>618.19988989281319</f>
      <cx>-10.399172711795813</cx>
      <cy>-9.463947577195114</cy>
    </calibration>
  </depth_map>
  <depth_map camera_id="9" level="0" path="0/d9.exr">
    <calibration type="frame">
      <resolution width="3000" height="2000"/>
      <f>2472.7995595712528</f>
      <cx>-41.596690847183254</cx>
      <cy>-37.855790308780456</cy>
    </calibration>
  </depth_map>
  <depth_map camera_id="9" level="1" path="1/d9.exr">
    <calibration type="frame">
      <resolution width="1500" height="1000"/>
      <f>1236.3997797856264</f>
      <cx>-20.798345423591627</cx>
      <cy>-18.927895154390228</cy>
    </calibration>
  </depth_map>
  <depth_map camera_id="9" level="2" path="2/d9.exr">
    <calibration type="frame">
      <resolution width="750" height="500"/>
      <f>618.19988989281319</f>
      <cx>-10.399172711795813</cx>
      <cy>-9.463947577195114</cy>
    </calibration>
  </depth_map>
  <depth_map camera_id="10" level="0" path="0/d10.exr">
    <calibration type="frame">
      <resolution width="3000" height="2000"/>
      <f>2472.7995595712528</f>
      <cx>-41.596690847183254</cx>
      <cy>-37.855790308780456</cy>
    </calibration>
  </depth_map>
  <depth_map camera_id="10" level="1" path="1/d10.exr">
    <calibration type="frame">
      <resolution width="1500" height="1000"/>
      <f>1236.3997797856264</f>
      <cx>-20.798345423591627</cx>
      <cy>-18.927895154390228</cy>
    </calibration>
  </depth_map>
  <depth_map camera_id="10" level="2" path="2/d10.exr">
    <calibration type="frame">
      <resolution width="750" height="500"/>
      <f>618.19988989281319</f>
      <cx>-10.399172711795813</cx>
      <cy>-9.463947577195114</cy>
    </calibration>
  </depth_map>
  <depth_map camera_id="11" level="0" path="0/d11.exr">
    <calibration type="frame">
      <resolution width="3000" height="2000"/>
      <f>2472.7995595712528</f>
      <cx>-41.596690847183254</cx>
      <cy>-37.855790308780456</cy>
    </calibration>
  </depth_map>
  <depth_map camera_id="11" level="1" path="1/d11.exr">
    <calibration type="frame">
      <resolution width="1500" height="1000"/>
      <f>1236.3997797856264</f>
      <cx>-20.798345423591627</cx>
      <cy>-18.927895154390228</cy>
    </calibration>
  </depth_map>
  <depth_map camera_id="11" level="2" path="2/d11.exr">
    <calibration type="frame">
      <resolution width="750" height="500"/>
      <f>618.19988989281319</f>
      <cx>-10.399172711795813</cx>
      <cy>-9.463947577195114</cy>
    </calibration>
  </depth_map>
  <depth_map camera_id="12" level="0" path="0/d12.exr">
    <calibration type="frame">
      <resolution width="3000" height="2000"/>
      <f>2472.7995595712528</f>
      <cx>-41.596690847183254</cx>
      <cy>-37.855790308780456</cy>
    </calibration>
  </depth_map>
  <depth_map camera_id="12" level="1" path="1/d12.exr">
    <calibration type="frame">
      <resolution width="1500" height="1000"/>
      <f>1236.3997797856264</f>
      <cx>-20.798345423591627</cx>
      <cy>-18.927895154390228</cy>
    </calibration>
  </depth_map>
  <depth_map camera_id="12" level="2" path="2/d12.exr">
    <calibration type="frame">
      <resolution width="750" height="500"/>
      <f>618.19988989281319</f>
      <cx>-10.399172711795813</cx>
      <cy>-9.463947577195114</cy>
    </calibration>
  </depth_map>
  <depth_map camera_id="13" level="0" path="0/d13.exr">
    <calibration type="frame">
      <resolution width="3000" height="2000"/>
      <f>2472.7995595712528</f>
      <cx>-41.596690847183254</cx>
      <cy>-37.855790308780456</cy>
    </calibration>
  </depth_map>
  <depth_map camera_id="13" level="1" path="1/d13.exr">
    <calibration type="frame">
      <resolution width="1500" height="1000"/>
      <f>1236.3997797856264</f>
      <cx>-20.798345423591627</cx>
      <cy>-18.927895154390228</cy>
    </calibration>
  </depth_map>
  <depth_map camera_id="13" level="2" path="2/d13.exr">
    <calibration type="frame">
      <resolution width="750" height="500"/>
      <f>618.19988989281319</f>
      <cx>-10.399172711795813</cx>
      <cy>-9.463947577195114</cy>
    </calibration>
  </depth_map>
  <depth_map camera_id="14" level="0" path="0/d14.exr">
    <calibration type="frame">
      <resolution width="3000" height="2000"/>
      <f>2472.7995595712528</f>
      <cx>-41.596690847183254</cx>
      <cy>-37.855790308780456</cy>
    </calibration>
  </depth_map>
  <depth_map camera_id="14" level="1" path="1/d14.exr">
    <calibration type="frame">
      <resolution width="1500" height="1000"/>
      <f>1236.3997797856264</f>
      <cx>-20.798345423591627</cx>
      <cy>-18.927895154390228</cy>
    </calibration>
  </depth_map>
  <depth_map camera_id="14" level="2" path="2/d14.exr">
    <calibration type="frame">
      <resolution width="750" height="500"/>
      <f>618.19988989281319</f>
      <cx>-10.399172711795813</cx>
      <cy>-9.463947577195114</cy>
    </calibration>
  </depth_map>
  <depth_map camera_id="15" level="0" path="0/d15.exr">
    <calibration type="frame">
      <resolution width="3000" height="2000"/>
      <f>2472.7995595712528</f>
      <cx>-41.596690847183254</cx>
      <cy>-37.855790308780456</cy>
    </calibration>
  </depth_map>
  <depth_map camera_id="15" level="1" path="1/d15.exr">
    <calibration type="frame">
      <resolution width="1500" height="1000"/>
      <f>1236.3997797856264</f>
      <cx>-20.798345423591627</cx>
      <cy>-18.927895154390228</cy>
    </calibration>
  </depth_map>
  <depth_map camera_id="15" level="2" path="2/d15.exr">
    <calibration type="frame">
      <resolution width="750" height="500"/>
      <f>618.19988989281319</f>
      <cx>-10.399172711795813</cx>
      <cy>-9.463947577195114</cy>
    </calibration>
  </depth_map>
  <depth_map camera_id="16" level="0" path="0/d16.exr">
    <calibration type="frame">
      <resolution width="3000" height="2000"/>
      <f>2472.7995595712528</f>
      <cx>-41.596690847183254</cx>
      <cy>-37.855790308780456</cy>
    </calibration>
  </depth_map>
  <depth_map camera_id="16" level="1" path="1/d16.exr">
    <calibration type="frame">
      <resolution width="1500" height="1000"/>
      <f>1236.3997797856264</f>
      <cx>-20.798345423591627</cx>
      <cy>-18.927895154390228</cy>
    </calibration>
  </depth_map>
  <depth_map camera_id="16" level="2" path="2/d16.exr">
    <calibration type="frame">
      <resolution width="750" height="500"/>
      <f>618.19988989281319</f>
      <cx>-10.399172711795813</cx>
      <cy>-9.463947577195114</cy>
    </calibration>
  </depth_map>
  <depth_map camera_id="17" level="0" path="0/d17.exr">
    <calibration type="frame">
      <resolution width="3000" height="2000"/>
      <f>2472.7995595712528</f>
      <cx>-41.596690847183254</cx>
      <cy>-37.855790308780456</cy>
    </calibration>
  </depth_map>
  <depth_map camera_id="17" level="1" path="1/d17.exr">
    <calibration type="frame">
      <resolution width="1500" height="1000"/>
      <f>1236.3997797856264</f>
      <cx>-20.798345423591627</cx>
      <cy>-18.927895154390228</cy>
    </calibration>
  </depth_map>
  <depth_map camera_id="17" level="2" path="2/d17.exr">
    <calibration type="frame">
      <resolution width="750" height="500"/>
      <f>618.19988989281319</f>
      <cx>-10.399172711795813</cx>
      <cy>-9.463947577195114</cy>
    </calibration>
  </depth_map>
  <depth_map camera_id="18" level="0" path="0/d18.exr">
    <calibration type="frame">
      <resolution width="3000" height="2000"/>
      <f>2472.7995595712528</f>
      <cx>-41.596690847183254</cx>
      <cy>-37.855790308780456</cy>
    </calibration>
  </depth_map>
  <depth_map camera_id="18" level="1" path="1/d18.exr">
    <calibration type="frame">
      <resolution width="1500" height="1000"/>
      <f>1236.3997797856264</f>
      <cx>-20.798345423591627</cx>
      <cy>-18.927895154390228</cy>
    </calibration>
  </depth_map>
  <depth_map camera_id="18" level="2" path="2/d18.exr">
    <calibration type="frame">
      <resolution width="750" height="500"/>
      <f>618.19988989281319</f>
      <cx>-10.399172711795813</cx>
      <cy>-9.463947577195114</cy>
    </calibration>
  </depth_map>
  <depth_map camera_id="19" level="0" path="0/d19.exr">
    <calibration type="frame">
      <resolution width="3000" height="2000"/>
      <f>2472.7995595712528</f>
      <cx>-41.596690847183254</cx>
      <cy>-37.855790308780456</cy>
    </calibration>
  </depth_map>
  <depth_map camera_id="19" level="1" path="1/d19.exr">
    <calibration type="frame">
      <resolution width="1500" height="1000"/>
      <f>1236.3997797856264</f>
      <cx>-20.798345423591627</cx>
      <cy>-18.927895154390228</cy>
    </calibration>
  </depth_map>
  <depth_map camera_id="19" level="2" path="2/d19.exr">
    <calibration type="frame">
      <resolution width="750" height="500"/>
      <f>618.19988989281319</f>
      <cx>-10.399172711795813</cx>
      <cy>-9.463947577195114</cy>
    </calibration>
  </depth_map>
  <depth_map camera_id="20" level="0" path="0/d20.exr">
    <calibration type="frame">
      <resolution width="3000" height="2000"/>
      <f>2472.7995595712528</f>
      <cx>-41.596690847183254</cx>
      <cy>-37.855790308780456</cy>
    </calibration>
  </depth_map>
  <depth_map camera_id="20" level="1" path="1/d20.exr">
    <calibration type="frame">
      <resolution width="1500" height="1000"/>
      <f>1236.3997797856264</f>
      <cx>-20.798345423591627</cx>
      <cy>-18.927895154390228</cy>
    </calibration>
  </depth_map>
  <depth_map camera_id="20" level="2" path="2/d20.exr">
    <calibration type="frame">
      <resolution width="750" height="500"/>
      <f>618.19988989281319</f>
      <cx>-10.399172711795813</cx>
      <cy>-9.463947577195114</cy>
    </calibration>
  </depth_map>
  <depth_map camera_id="21" level="0" path="0/d21.exr">
    <calibration type="frame">
      <resolution width="3000" height="2000"/>
      <f>2472.7995595712528</f>
      <cx>-41.596690847183254</cx>
      <cy>-37.855790308780456</cy>
    </calibration>
  </depth_map>
  <depth_map camera_id="21" level="1" path="1/d21.exr">
    <calibration type="frame">
      <resolution width="1500" height="1000"/>
      <f>1236.3997797856264</f>
      <cx>-20.798345423591627</cx>
      <cy>-18.927895154390228</cy>
    </calibration>
  </depth_map>
  <depth_map camera_id="21" level="2" path="2/d21.exr">
    <calibration type="frame">
      <resolution width="750" height="500"/>
      <f>618.19988989281319</f>
      <cx>-10.399172711795813</cx>
      <cy>-9.463947577195114</cy>
    </calibration>
  </depth_map>
  <depth_map camera_id="22" level="0" path="0/d22.exr">
    <calibration type="frame">
      <resolution width="3000" height="2000"/>
      <f>2472.7995595712528</f>
      <cx>-41.596690847183254</cx>
      <cy>-37.855790308780456</cy>
    </calibration>
  </depth_map>
  <depth_map camera_id="22" level="1" path="1/d22.exr">
    <calibration type="frame">
      <resolution width="1500" height="1000"/>
      <f>1236.3997797856264</f>
      <cx>-20.798345423591627</cx>
      <cy>-18.927895154390228</cy>
    </calibration>
  </depth_map>
  <depth_map camera_id="22" level="2" path="2/d22.exr">
    <calibration type="frame">
      <resolution width="750" height="500"/>
      <f>618.19988989281319</f>
      <cx>-10.399172711795813</cx>
      <cy>-9.463947577195114</cy>
    </calibration>
  </depth_map>
  <depth_map camera_id="23" level="0" path="0/d23.exr">
    <calibration type="frame">
      <resolution width="3000" height="2000"/>
      <f>2472.7995595712528</f>
      <cx>-41.596690847183254</cx>
      <cy>-37.855790308780456</cy>
    </calibration>
  </depth_map>
  <depth_map camera_id="23" level="1" path="1/d23.exr">
    <calibration type="frame">
      <resolution width="1500" height="1000"/>
      <f>1236.3997797856264</f>
      <cx>-20.798345423591627</cx>
      <cy>-18.927895154390228</cy>
    </calibration>
  </depth_map>
  <depth_map camera_id="23" level="2" path="2/d23.exr">
    <calibration type="frame">
      <resolution width="750" height="500"/>
      <f>618.19988989281319</f>
      <cx>-10.399172711795813</cx>
      <cy>-9.463947577195114</cy>
    </calibration>
  </depth_map>
  <depth_map camera_id="24" level="0" path="0/d24.exr">
    <calibration type="frame">
      <resolution width="3000" height="2000"/>
      <f>2472.7995595712528</f>
      <cx>-41.596690847183254</cx>
      <cy>-37.855790308780456</cy>
    </calibration>
  </depth_map>
  <depth_map camera_id="24" level="1" path="1/d24.exr">
    <calibration type="frame">
      <resolution width="1500" height="1000"/>
      <f>1236.3997797856264</f>
      <cx>-20.798345423591627</cx>
      <cy>-18.927895154390228</cy>
    </calibration>
  </depth_map>
  <depth_map camera_id="24" level="2" path="2/d24.exr">
    <calibration type="frame">
      <resolution width="750" height="500"/>
      <f>618.19988989281319</f>
      <cx>-10.399172711795813</cx>
      <cy>-9.463947577195114</cy>
    </calibration>
  </depth_map>
  <depth_map camera_id="25" level="0" path="0/d25.exr">
    <calibration type="frame">
      <resolution width="3000" height="2000"/>
      <f>2472.7995595712528</f>
      <cx>-41.596690847183254</cx>
      <cy>-37.855790308780456</cy>
    </calibration>
  </depth_map>
  <depth_map camera_id="25" level="1" path="1/d25.exr">
    <calibration type="frame">
      <resolution width="1500" height="1000"/>
      <f>1236.3997797856264</f>
      <cx>-20.798345423591627</cx>
      <cy>-18.927895154390228</cy>
    </calibration>
  </depth_map>
  <depth_map camera_id="25" level="2" path="2/d25.exr">
    <calibration type="frame">
      <resolution width="750" height="500"/>
      <f>618.19988989281319</f>
      <cx>-10.399172711795813</cx>
      <cy>-9.463947577195114</cy>
    </calibration>
  </depth_map>
  <depth_map camera_id="26" level="0" path="0/d26.exr">
    <calibration type="frame">
      <resolution width="3000" height="2000"/>
      <f>2472.7995595712528</f>
      <cx>-41.596690847183254</cx>
      <cy>-37.855790308780456</cy>
    </calibration>
  </depth_map>
  <depth_map camera_id="26" level="1" path="1/d26.exr">
    <calibration type="frame">
      <resolution width="1500" height="1000"/>
      <f>1236.3997797856264</f>
      <cx>-20.798345423591627</cx>
      <cy>-18.927895154390228</cy>
    </calibration>
  </depth_map>
  <depth_map camera_id="26" level="2" path="2/d26.exr">
    <calibration type="frame">
      <resolution width="750" height="500"/>
      <f>618.19988989281319</f>
      <cx>-10.399172711795813</cx>
      <cy>-9.463947577195114</cy>
    </calibration>
  </depth_map>
  <depth_map camera_id="27" level="0" path="0/d27.exr">
    <calibration type="frame">
      <resolution width="3000" height="2000"/>
      <f>2472.7995595712528</f>
      <cx>-41.596690847183254</cx>
      <cy>-37.855790308780456</cy>
    </calibration>
  </depth_map>
  <depth_map camera_id="27" level="1" path="1/d27.exr">
    <calibration type="frame">
      <resolution width="1500" height="1000"/>
      <f>1236.3997797856264</f>
      <cx>-20.798345423591627</cx>
      <cy>-18.927895154390228</cy>
    </calibration>
  </depth_map>
  <depth_map camera_id="27" level="2" path="2/d27.exr">
    <calibration type="frame">
      <resolution width="750" height="500"/>
      <f>618.19988989281319</f>
      <cx>-10.399172711795813</cx>
      <cy>-9.463947577195114</cy>
    </calibration>
  </depth_map>
  <depth_map camera_id="28" level="0" path="0/d28.exr">
    <calibration type="frame">
      <resolution width="3000" height="2000"/>
      <f>2472.7995595712528</f>
      <cx>-41.596690847183254</cx>
      <cy>-37.855790308780456</cy>
    </calibration>
  </depth_map>
  <depth_map camera_id="28" level="1" path="1/d28.exr">
    <calibration type="frame">
      <resolution width="1500" height="1000"/>
      <f>1236.3997797856264</f>
      <cx>-20.798345423591627</cx>
      <cy>-18.927895154390228</cy>
    </calibration>
  </depth_map>
  <depth_map camera_id="28" level="2" path="2/d28.exr">
    <calibration type="frame">
      <resolution width="750" height="500"/>
      <f>618.19988989281319</f>
      <cx>-10.399172711795813</cx>
      <cy>-9.463947577195114</cy>
    </calibration>
  </depth_map>
  <depth_map camera_id="29" level="0" path="0/d29.exr">
    <calibration type="frame">
      <resolution width="3000" height="2000"/>
      <f>2472.7995595712528</f>
      <cx>-41.596690847183254</cx>
      <cy>-37.855790308780456</cy>
    </calibration>
  </depth_map>
  <depth_map camera_id="29" level="1" path="1/d29.exr">
    <calibration type="frame">
      <resolution width="1500" height="1000"/>
      <f>1236.3997797856264</f>
      <cx>-20.798345423591627</cx>
      <cy>-18.927895154390228</cy>
    </calibration>
  </depth_map>
  <depth_map camera_id="29" level="2" path="2/d29.exr">
    <calibration type="frame">
      <resolution width="750" height="500"/>
      <f>618.19988989281319</f>
      <cx>-10.399172711795813</cx>
      <cy>-9.463947577195114</cy>
    </calibration>
  </depth_map>
  <depth_map camera_id="30" level="0" path="0/d30.exr">
    <calibration type="frame">
      <resolution width="3000" height="2000"/>
      <f>2472.7995595712528</f>
      <cx>-41.596690847183254</cx>
      <cy>-37.855790308780456</cy>
    </calibration>
  </depth_map>
  <depth_map camera_id="30" level="1" path="1/d30.exr">
    <calibration type="frame">
      <resolution width="1500" height="1000"/>
      <f>1236.3997797856264</f>
      <cx>-20.798345423591627</cx>
      <cy>-18.927895154390228</cy>
    </calibration>
  </depth_map>
  <depth_map camera_id="30" level="2" path="2/d30.exr">
    <calibration type="frame">
      <resolution width="750" height="500"/>
      <f>618.19988989281319</f>
      <cx>-10.399172711795813</cx>
      <cy>-9.463947577195114</cy>
    </calibration>
  </depth_map>
  <depth_map camera_id="31" level="0" path="0/d31.exr">
    <calibration type="frame">
      <resolution width="3000" height="2000"/>
      <f>4001.1631154175275</f>
      <cx>-171.03065882558053</cx>
      <cy>-48.681248665571729</cy>
    </calibration>
  </depth_map>
  <depth_map camera_id="31" level="1" path="1/d31.exr">
    <calibration type="frame">
      <resolution width="1500" height="1000"/>
      <f>2000.5815577087637</f>
      <cx>-85.515329412790265</cx>
      <cy>-24.340624332785865</cy>
    </calibration>
  </depth_map>
  <depth_map camera_id="31" level="2" path="2/d31.exr">
    <calibration type="frame">
      <resolution width="750" height="500"/>
      <f>1000.2907788543819</f>
      <cx>-42.757664706395133</cx>
      <cy>-12.170312166392932</cy>
    </calibration>
  </depth_map>
  <depth_map camera_id="32" level="0" path="0/d32.exr">
    <calibration type="frame">
      <resolution width="3000" height="2000"/>
      <f>2472.7995595712528</f>
      <cx>-41.596690847183254</cx>
      <cy>-37.855790308780456</cy>
    </calibration>
  </depth_map>
  <depth_map camera_id="32" level="1" path="1/d32.exr">
    <calibration type="frame">
      <resolution width="1500" height="1000"/>
      <f>1236.3997797856264</f>
      <cx>-20.798345423591627</cx>
      <cy>-18.927895154390228</cy>
    </calibration>
  </depth_map>
  <depth_map camera_id="32" level="2" path="2/d32.exr">
    <calibration type="frame">
      <resolution width="750" height="500"/>
      <f>618.19988989281319</f>
      <cx>-10.399172711795813</cx>
      <cy>-9.463947577195114</cy>
    </calibration>
  </depth_map>
  <depth_map camera_id="33" level="0" path="0/d33.exr">
    <calibration type="frame">
      <resolution width="3000" height="2000"/>
      <f>3630.8226442528935</f>
      <cx>-9.776994762476761</cx>
      <cy>-28.239049086182604</cy>
    </calibration>
  </depth_map>
  <depth_map camera_id="33" level="1" path="1/d33.exr">
    <calibration type="frame">
      <resolution width="1500" height="1000"/>
      <f>1815.4113221264467</f>
      <cx>-4.8884973812383805</cx>
      <cy>-14.119524543091302</cy>
    </calibration>
  </depth_map>
  <depth_map camera_id="33" level="2" path="2/d33.exr">
    <calibration type="frame">
      <resolution width="750" height="500"/>
      <f>907.70566106322337</f>
      <cx>-2.4442486906191903</cx>
      <cy>-7.0597622715456509</cy>
    </calibration>
  </depth_map>
  <depth_map camera_id="34" level="0" path="0/d34.exr">
    <calibration type="frame">
      <resolution width="3000" height="2000"/>
      <f>3630.8226442528935</f>
      <cx>-9.776994762476761</cx>
      <cy>-28.239049086182604</cy>
    </calibration>
  </depth_map>
  <depth_map camera_id="34" level="1" path="1/d34.exr">
    <calibration type="frame">
      <resolution width="1500" height="1000"/>
      <f>1815.4113221264467</f>
      <cx>-4.8884973812383805</cx>
      <cy>-14.119524543091302</cy>
    </calibration>
  </depth_map>
  <depth_map camera_id="34" level="2" path="2/d34.exr">
    <calibration type="frame">
      <resolution width="750" height="500"/>
      <f>907.70566106322337</f>
      <cx>-2.4442486906191903</cx>
      <cy>-7.0597622715456509</cy>
    </calibration>
  </depth_map>
  <depth_map camera_id="35" level="0" path="0/d35.exr">
    <calibration type="frame">
      <resolution width="3000" height="2000"/>
      <f>3630.8226442528935</f>
      <cx>-9.776994762476761</cx>
      <cy>-28.239049086182604</cy>
    </calibration>
  </depth_map>
  <depth_map camera_id="35" level="1" path="1/d35.exr">
    <calibration type="frame">
      <resolution width="1500" height="1000"/>
      <f>1815.4113221264467</f>
      <cx>-4.8884973812383805</cx>
      <cy>-14.119524543091302</cy>
    </calibration>
  </depth_map>
  <depth_map camera_id="35" level="2" path="2/d35.exr">
    <calibration type="frame">
      <resolution width="750" height="500"/>
      <f>907.70566106322337</f>
      <cx>-2.4442486906191903</cx>
      <cy>-7.0597622715456509</cy>
    </calibration>
  </depth_map>
  <depth_map camera_id="36" level="0" path="0/d36.exr">
    <calibration type="frame">
      <resolution width="3000" height="2000"/>
      <f>2472.7995595712528</f>
      <cx>-41.596690847183254</cx>
      <cy>-37.855790308780456</cy>
    </calibration>
  </depth_map>
  <depth_map camera_id="36" level="1" path="1/d36.exr">
    <calibration type="frame">
      <resolution width="1500" height="1000"/>
      <f>1236.3997797856264</f>
      <cx>-20.798345423591627</cx>
      <cy>-18.927895154390228</cy>
    </calibration>
  </depth_map>
  <depth_map camera_id="36" level="2" path="2/d36.exr">
    <calibration type="frame">
      <resolution width="750" height="500"/>
      <f>618.19988989281319</f>
      <cx>-10.399172711795813</cx>
      <cy>-9.463947577195114</cy>
    </calibration>
  </depth_map>
  <depth_map camera_id="37" level="0" path="0/d37.exr">
    <calibration type="frame">
      <resolution width="3000" height="2000"/>
      <f>2472.7995595712528</f>
      <cx>-41.596690847183254</cx>
      <cy>-37.855790308780456</cy>
    </calibration>
  </depth_map>
  <depth_map camera_id="37" level="1" path="1/d37.exr">
    <calibration type="frame">
      <resolution width="1500" height="1000"/>
      <f>1236.3997797856264</f>
      <cx>-20.798345423591627</cx>
      <cy>-18.927895154390228</cy>
    </calibration>
  </depth_map>
  <depth_map camera_id="37" level="2" path="2/d37.exr">
    <calibration type="frame">
      <resolution width="750" height="500"/>
      <f>618.19988989281319</f>
      <cx>-10.399172711795813</cx>
      <cy>-9.463947577195114</cy>
    </calibration>
  </depth_map>
  <depth_map camera_id="38" level="0" path="0/d38.exr">
    <calibration type="frame">
      <resolution width="3000" height="2000"/>
      <f>4866.0523080907142</f>
      <cx>-40.569775115910261</cx>
      <cy>-198.08256147491329</cy>
    </calibration>
  </depth_map>
  <depth_map camera_id="38" level="1" path="1/d38.exr">
    <calibration type="frame">
      <resolution width="1500" height="1000"/>
      <f>2433.0261540453571</f>
      <cx>-20.28488755795513</cx>
      <cy>-99.041280737456646</cy>
    </calibration>
  </depth_map>
  <depth_map camera_id="38" level="2" path="2/d38.exr">
    <calibration type="frame">
      <resolution width="750" height="500"/>
      <f>1216.5130770226785</f>
      <cx>-10.142443778977565</cx>
      <cy>-49.520640368728323</cy>
    </calibration>
  </depth_map>
  <depth_map camera_id="39" level="0" path="0/d39.exr">
    <calibration type="frame">
      <resolution width="3000" height="2000"/>
      <f>5864.5522740939723</f>
      <cx>-130.36504979674305</cx>
      <cy>-132.95696738313313</cy>
    </calibration>
  </depth_map>
  <depth_map camera_id="39" level="1" path="1/d39.exr">
    <calibration type="frame">
      <resolution width="1500" height="1000"/>
      <f>2932.2761370469862</f>
      <cx>-65.182524898371526</cx>
      <cy>-66.478483691566566</cy>
    </calibration>
  </depth_map>
  <depth_map camera_id="39" level="2" path="2/d39.exr">
    <calibration type="frame">
      <resolution width="750" height="500"/>
      <f>1466.1380685234931</f>
      <cx>-32.591262449185763</cx>
      <cy>-33.239241845783283</cy>
    </calibration>
  </depth_map>
  <depth_map camera_id="40" level="0" path="0/d40.exr">
    <calibration type="frame">
      <resolution width="3000" height="2000"/>
      <f>4001.1631154175275</f>
      <cx>-171.03065882558053</cx>
      <cy>-48.681248665571729</cy>
    </calibration>
  </depth_map>
  <depth_map camera_id="40" level="1" path="1/d40.exr">
    <calibration type="frame">
      <resolution width="1500" height="1000"/>
      <f>2000.5815577087637</f>
      <cx>-85.515329412790265</cx>
      <cy>-24.340624332785865</cy>
    </calibration>
  </depth_map>
  <depth_map camera_id="40" level="2" path="2/d40.exr">
    <calibration type="frame">
      <resolution width="750" height="500"/>
      <f>1000.2907788543819</f>
      <cx>-42.757664706395133</cx>
      <cy>-12.170312166392932</cy>
    </calibration>
  </depth_map>
  <depth_map camera_id="41" level="0" path="0/d41.exr">
    <calibration type="frame">
      <resolution width="3000" height="2000"/>
      <f>5864.5522740939723</f>
      <cx>-130.36504979674305</cx>
      <cy>-132.95696738313313</cy>
    </calibration>
  </depth_map>
  <depth_map camera_id="41" level="1" path="1/d41.exr">
    <calibration type="frame">
      <resolution width="1500" height="1000"/>
      <f>2932.2761370469862</f>
      <cx>-65.182524898371526</cx>
      <cy>-66.478483691566566</cy>
    </calibration>
  </depth_map>
  <depth_map camera_id="41" level="2" path="2/d41.exr">
    <calibration type="frame">
      <resolution width="750" height="500"/>
      <f>1466.1380685234931</f>
      <cx>-32.591262449185763</cx>
      <cy>-33.239241845783283</cy>
    </calibration>
  </depth_map>
  <depth_map camera_id="42" level="0" path="0/d42.exr">
    <calibration type="frame">
      <resolution width="3000" height="2000"/>
      <f>6197.7403791856796</f>
      <cx>-25.543268438918858</cx>
      <cy>-119.94263205746938</cy>
    </calibration>
  </depth_map>
  <depth_map camera_id="42" level="1" path="1/d42.exr">
    <calibration type="frame">
      <resolution width="1500" height="1000"/>
      <f>3098.8701895928398</f>
      <cx>-12.771634219459429</cx>
      <cy>-59.971316028734691</cy>
    </calibration>
  </depth_map>
  <depth_map camera_id="42" level="2" path="2/d42.exr">
    <calibration type="frame">
      <resolution width="750" height="500"/>
      <f>1549.4350947964199</f>
      <cx>-6.3858171097297145</cx>
      <cy>-29.985658014367345</cy>
    </calibration>
  </depth_map>
  <depth_map camera_id="43" level="0" path="0/d43.exr">
    <calibration type="frame">
      <resolution width="3000" height="2000"/>
      <f>6197.7403791856796</f>
      <cx>-25.543268438918858</cx>
      <cy>-119.94263205746938</cy>
    </calibration>
  </depth_map>
  <depth_map camera_id="43" level="1" path="1/d43.exr">
    <calibration type="frame">
      <resolution width="1500" height="1000"/>
      <f>3098.8701895928398</f>
      <cx>-12.771634219459429</cx>
      <cy>-59.971316028734691</cy>
    </calibration>
  </depth_map>
  <depth_map camera_id="43" level="2" path="2/d43.exr">
    <calibration type="frame">
      <resolution width="750" height="500"/>
      <f>1549.4350947964199</f>
      <cx>-6.3858171097297145</cx>
      <cy>-29.985658014367345</cy>
    </calibration>
  </depth_map>
  <depth_map camera_id="44" level="0" path="0/d44.exr">
    <calibration type="frame">
      <resolution width="3000" height="2000"/>
      <f>6197.7403791856796</f>
      <cx>-25.543268438918858</cx>
      <cy>-119.94263205746938</cy>
    </calibration>
  </depth_map>
  <depth_map camera_id="44" level="1" path="1/d44.exr">
    <calibration type="frame">
      <resolution width="1500" height="1000"/>
      <f>3098.8701895928398</f>
      <cx>-12.771634219459429</cx>
      <cy>-59.971316028734691</cy>
    </calibration>
  </depth_map>
  <depth_map camera_id="44" level="2" path="2/d44.exr">
    <calibration type="frame">
      <resolution width="750" height="500"/>
      <f>1549.4350947964199</f>
      <cx>-6.3858171097297145</cx>
      <cy>-29.985658014367345</cy>
    </calibration>
  </depth_map>
  <depth_map camera_id="45" level="0" path="0/d45.exr">
    <calibration type="frame">
      <resolution width="3000" height="2000"/>
      <f>4866.0523080907142</f>
      <cx>-40.569775115910261</cx>
      <cy>-198.08256147491329</cy>
    </calibration>
  </depth_map>
  <depth_map camera_id="45" level="1" path="1/d45.exr">
    <calibration type="frame">
      <resolution width="1500" height="1000"/>
      <f>2433.0261540453571</f>
      <cx>-20.28488755795513</cx>
      <cy>-99.041280737456646</cy>
    </calibration>
  </depth_map>
  <depth_map camera_id="45" level="2" path="2/d45.exr">
    <calibration type="frame">
      <resolution width="750" height="500"/>
      <f>1216.5130770226785</f>
      <cx>-10.142443778977565</cx>
      <cy>-49.520640368728323</cy>
    </calibration>
  </depth_map>
</depth_maps>
