<?xml version="1.0" encoding="UTF-8"?>
<frame version="1.2.0">
  <cameras>
    <camera camera_id="0">
      <photo path="../../../../../../../Desktop/Objects/Object_1/IMGP6606.JPG">
        <meta>
          <property name="Exif/Artist" value=""/>
          <property name="Exif/DateTime" value="2023:11:29 12:12:16"/>
          <property name="Exif/DateTimeOriginal" value="2023:11:29 12:12:16"/>
          <property name="Exif/ExposureTime" value="0.01"/>
          <property name="Exif/FNumber" value="6.3"/>
          <property name="Exif/FocalLength" value="18"/>
          <property name="Exif/FocalLengthIn35mmFilm" value="27"/>
          <property name="Exif/ISOSpeedRatings" value="800"/>
          <property name="Exif/Make" value="RICOH IMAGING COMPANY, LTD.  "/>
          <property name="Exif/Model" value="PENTAX K-70        "/>
          <property name="Exif/Orientation" value="1"/>
          <property name="Exif/Software" value="PENTAX K-70 Ver. 1.00        "/>
          <property name="File/ImageHeight" value="4000"/>
          <property name="File/ImageWidth" value="6000"/>
          <property name="System/FileModifyDate" value="2023:11:29 12:12:17"/>
          <property name="System/FileSize" value="9563626"/>
        </meta>
      </photo>
    </camera>
    <camera camera_id="1">
      <photo path="../../../../../../../Desktop/Objects/Object_1/IMGP6607.JPG">
        <meta>
          <property name="Exif/Artist" value=""/>
          <property name="Exif/DateTime" value="2023:11:29 12:12:18"/>
          <property name="Exif/DateTimeOriginal" value="2023:11:29 12:12:18"/>
          <property name="Exif/ExposureTime" value="0.01"/>
          <property name="Exif/FNumber" value="6.3"/>
          <property name="Exif/FocalLength" value="18"/>
          <property name="Exif/FocalLengthIn35mmFilm" value="27"/>
          <property name="Exif/ISOSpeedRatings" value="800"/>
          <property name="Exif/Make" value="RICOH IMAGING COMPANY, LTD.  "/>
          <property name="Exif/Model" value="PENTAX K-70        "/>
          <property name="Exif/Orientation" value="1"/>
          <property name="Exif/Software" value="PENTAX K-70 Ver. 1.00        "/>
          <property name="File/ImageHeight" value="4000"/>
          <property name="File/ImageWidth" value="6000"/>
          <property name="System/FileModifyDate" value="2023:11:29 12:12:19"/>
          <property name="System/FileSize" value="9495564"/>
        </meta>
      </photo>
    </camera>
    <camera camera_id="2">
      <photo path="../../../../../../../Desktop/Objects/Object_1/IMGP6608.JPG">
        <meta>
          <property name="Exif/Artist" value=""/>
          <property name="Exif/DateTime" value="2023:11:29 12:12:21"/>
          <property name="Exif/DateTimeOriginal" value="2023:11:29 12:12:21"/>
          <property name="Exif/ExposureTime" value="0.01"/>
          <property name="Exif/FNumber" value="6.3"/>
          <property name="Exif/FocalLength" value="18"/>
          <property name="Exif/FocalLengthIn35mmFilm" value="27"/>
          <property name="Exif/ISOSpeedRatings" value="800"/>
          <property name="Exif/Make" value="RICOH IMAGING COMPANY, LTD.  "/>
          <property name="Exif/Model" value="PENTAX K-70        "/>
          <property name="Exif/Orientation" value="1"/>
          <property name="Exif/Software" value="PENTAX K-70 Ver. 1.00        "/>
          <property name="File/ImageHeight" value="4000"/>
          <property name="File/ImageWidth" value="6000"/>
          <property name="System/FileModifyDate" value="2023:11:29 12:12:21"/>
          <property name="System/FileSize" value="9558604"/>
        </meta>
      </photo>
    </camera>
    <camera camera_id="3">
      <photo path="../../../../../../../Desktop/Objects/Object_1/IMGP6609.JPG">
        <meta>
          <property name="Exif/Artist" value=""/>
          <property name="Exif/DateTime" value="2023:11:29 12:12:22"/>
          <property name="Exif/DateTimeOriginal" value="2023:11:29 12:12:22"/>
          <property name="Exif/ExposureTime" value="0.01"/>
          <property name="Exif/FNumber" value="6.3"/>
          <property name="Exif/FocalLength" value="18"/>
          <property name="Exif/FocalLengthIn35mmFilm" value="27"/>
          <property name="Exif/ISOSpeedRatings" value="800"/>
          <property name="Exif/Make" value="RICOH IMAGING COMPANY, LTD.  "/>
          <property name="Exif/Model" value="PENTAX K-70        "/>
          <property name="Exif/Orientation" value="1"/>
          <property name="Exif/Software" value="PENTAX K-70 Ver. 1.00        "/>
          <property name="File/ImageHeight" value="4000"/>
          <property name="File/ImageWidth" value="6000"/>
          <property name="System/FileModifyDate" value="2023:11:29 12:12:23"/>
          <property name="System/FileSize" value="9554697"/>
        </meta>
      </photo>
    </camera>
    <camera camera_id="4">
      <photo path="../../../../../../../Desktop/Objects/Object_1/IMGP6610.JPG">
        <meta>
          <property name="Exif/Artist" value=""/>
          <property name="Exif/DateTime" value="2023:11:29 12:12:27"/>
          <property name="Exif/DateTimeOriginal" value="2023:11:29 12:12:27"/>
          <property name="Exif/ExposureTime" value="0.01"/>
          <property name="Exif/FNumber" value="6.3"/>
          <property name="Exif/FocalLength" value="18"/>
          <property name="Exif/FocalLengthIn35mmFilm" value="27"/>
          <property name="Exif/ISOSpeedRatings" value="800"/>
          <property name="Exif/Make" value="RICOH IMAGING COMPANY, LTD.  "/>
          <property name="Exif/Model" value="PENTAX K-70        "/>
          <property name="Exif/Orientation" value="1"/>
          <property name="Exif/Software" value="PENTAX K-70 Ver. 1.00        "/>
          <property name="File/ImageHeight" value="4000"/>
          <property name="File/ImageWidth" value="6000"/>
          <property name="System/FileModifyDate" value="2023:11:29 12:12:28"/>
          <property name="System/FileSize" value="9776756"/>
        </meta>
      </photo>
    </camera>
    <camera camera_id="5">
      <photo path="../../../../../../../Desktop/Objects/Object_1/IMGP6611.JPG">
        <meta>
          <property name="Exif/Artist" value=""/>
          <property name="Exif/DateTime" value="2023:11:29 12:12:30"/>
          <property name="Exif/DateTimeOriginal" value="2023:11:29 12:12:30"/>
          <property name="Exif/ExposureTime" value="0.01"/>
          <property name="Exif/FNumber" value="6.3"/>
          <property name="Exif/FocalLength" value="18"/>
          <property name="Exif/FocalLengthIn35mmFilm" value="27"/>
          <property name="Exif/ISOSpeedRatings" value="800"/>
          <property name="Exif/Make" value="RICOH IMAGING COMPANY, LTD.  "/>
          <property name="Exif/Model" value="PENTAX K-70        "/>
          <property name="Exif/Orientation" value="1"/>
          <property name="Exif/Software" value="PENTAX K-70 Ver. 1.00        "/>
          <property name="File/ImageHeight" value="4000"/>
          <property name="File/ImageWidth" value="6000"/>
          <property name="System/FileModifyDate" value="2023:11:29 12:12:31"/>
          <property name="System/FileSize" value="9663963"/>
        </meta>
      </photo>
    </camera>
    <camera camera_id="6">
      <photo path="../../../../../../../Desktop/Objects/Object_1/IMGP6612.JPG">
        <meta>
          <property name="Exif/Artist" value=""/>
          <property name="Exif/DateTime" value="2023:11:29 12:12:34"/>
          <property name="Exif/DateTimeOriginal" value="2023:11:29 12:12:34"/>
          <property name="Exif/ExposureTime" value="0.01"/>
          <property name="Exif/FNumber" value="6.3"/>
          <property name="Exif/FocalLength" value="18"/>
          <property name="Exif/FocalLengthIn35mmFilm" value="27"/>
          <property name="Exif/ISOSpeedRatings" value="800"/>
          <property name="Exif/Make" value="RICOH IMAGING COMPANY, LTD.  "/>
          <property name="Exif/Model" value="PENTAX K-70        "/>
          <property name="Exif/Orientation" value="1"/>
          <property name="Exif/Software" value="PENTAX K-70 Ver. 1.00        "/>
          <property name="File/ImageHeight" value="4000"/>
          <property name="File/ImageWidth" value="6000"/>
          <property name="System/FileModifyDate" value="2023:11:29 12:12:35"/>
          <property name="System/FileSize" value="9535648"/>
        </meta>
      </photo>
    </camera>
    <camera camera_id="7">
      <photo path="../../../../../../../Desktop/Objects/Object_1/IMGP6613.JPG">
        <meta>
          <property name="Exif/Artist" value=""/>
          <property name="Exif/DateTime" value="2023:11:29 12:12:36"/>
          <property name="Exif/DateTimeOriginal" value="2023:11:29 12:12:36"/>
          <property name="Exif/ExposureTime" value="0.01"/>
          <property name="Exif/FNumber" value="6.3"/>
          <property name="Exif/FocalLength" value="18"/>
          <property name="Exif/FocalLengthIn35mmFilm" value="27"/>
          <property name="Exif/ISOSpeedRatings" value="800"/>
          <property name="Exif/Make" value="RICOH IMAGING COMPANY, LTD.  "/>
          <property name="Exif/Model" value="PENTAX K-70        "/>
          <property name="Exif/Orientation" value="1"/>
          <property name="Exif/Software" value="PENTAX K-70 Ver. 1.00        "/>
          <property name="File/ImageHeight" value="4000"/>
          <property name="File/ImageWidth" value="6000"/>
          <property name="System/FileModifyDate" value="2023:11:29 12:12:37"/>
          <property name="System/FileSize" value="9777314"/>
        </meta>
      </photo>
    </camera>
    <camera camera_id="8">
      <photo path="../../../../../../../Desktop/Objects/Object_1/IMGP6614.JPG">
        <meta>
          <property name="Exif/Artist" value=""/>
          <property name="Exif/DateTime" value="2023:11:29 12:12:41"/>
          <property name="Exif/DateTimeOriginal" value="2023:11:29 12:12:41"/>
          <property name="Exif/ExposureTime" value="0.01"/>
          <property name="Exif/FNumber" value="6.3"/>
          <property name="Exif/FocalLength" value="18"/>
          <property name="Exif/FocalLengthIn35mmFilm" value="27"/>
          <property name="Exif/ISOSpeedRatings" value="800"/>
          <property name="Exif/Make" value="RICOH IMAGING COMPANY, LTD.  "/>
          <property name="Exif/Model" value="PENTAX K-70        "/>
          <property name="Exif/Orientation" value="1"/>
          <property name="Exif/Software" value="PENTAX K-70 Ver. 1.00        "/>
          <property name="File/ImageHeight" value="4000"/>
          <property name="File/ImageWidth" value="6000"/>
          <property name="System/FileModifyDate" value="2023:11:29 12:12:42"/>
          <property name="System/FileSize" value="9868219"/>
        </meta>
      </photo>
    </camera>
    <camera camera_id="9">
      <photo path="../../../../../../../Desktop/Objects/Object_1/IMGP6615.JPG">
        <meta>
          <property name="Exif/Artist" value=""/>
          <property name="Exif/DateTime" value="2023:11:29 12:12:46"/>
          <property name="Exif/DateTimeOriginal" value="2023:11:29 12:12:46"/>
          <property name="Exif/ExposureTime" value="0.01"/>
          <property name="Exif/FNumber" value="6.3"/>
          <property name="Exif/FocalLength" value="18"/>
          <property name="Exif/FocalLengthIn35mmFilm" value="27"/>
          <property name="Exif/ISOSpeedRatings" value="800"/>
          <property name="Exif/Make" value="RICOH IMAGING COMPANY, LTD.  "/>
          <property name="Exif/Model" value="PENTAX K-70        "/>
          <property name="Exif/Orientation" value="1"/>
          <property name="Exif/Software" value="PENTAX K-70 Ver. 1.00        "/>
          <property name="File/ImageHeight" value="4000"/>
          <property name="File/ImageWidth" value="6000"/>
          <property name="System/FileModifyDate" value="2023:11:29 12:12:47"/>
          <property name="System/FileSize" value="9823795"/>
        </meta>
      </photo>
    </camera>
    <camera camera_id="10">
      <photo path="../../../../../../../Desktop/Objects/Object_1/IMGP6616.JPG">
        <meta>
          <property name="Exif/Artist" value=""/>
          <property name="Exif/DateTime" value="2023:11:29 12:12:49"/>
          <property name="Exif/DateTimeOriginal" value="2023:11:29 12:12:49"/>
          <property name="Exif/ExposureTime" value="0.01"/>
          <property name="Exif/FNumber" value="6.3"/>
          <property name="Exif/FocalLength" value="18"/>
          <property name="Exif/FocalLengthIn35mmFilm" value="27"/>
          <property name="Exif/ISOSpeedRatings" value="800"/>
          <property name="Exif/Make" value="RICOH IMAGING COMPANY, LTD.  "/>
          <property name="Exif/Model" value="PENTAX K-70        "/>
          <property name="Exif/Orientation" value="1"/>
          <property name="Exif/Software" value="PENTAX K-70 Ver. 1.00        "/>
          <property name="File/ImageHeight" value="4000"/>
          <property name="File/ImageWidth" value="6000"/>
          <property name="System/FileModifyDate" value="2023:11:29 12:12:50"/>
          <property name="System/FileSize" value="9824994"/>
        </meta>
      </photo>
    </camera>
    <camera camera_id="11">
      <photo path="../../../../../../../Desktop/Objects/Object_1/IMGP6617.JPG">
        <meta>
          <property name="Exif/Artist" value=""/>
          <property name="Exif/DateTime" value="2023:11:29 12:12:55"/>
          <property name="Exif/DateTimeOriginal" value="2023:11:29 12:12:55"/>
          <property name="Exif/ExposureTime" value="0.01"/>
          <property name="Exif/FNumber" value="6.3"/>
          <property name="Exif/FocalLength" value="18"/>
          <property name="Exif/FocalLengthIn35mmFilm" value="27"/>
          <property name="Exif/ISOSpeedRatings" value="800"/>
          <property name="Exif/Make" value="RICOH IMAGING COMPANY, LTD.  "/>
          <property name="Exif/Model" value="PENTAX K-70        "/>
          <property name="Exif/Orientation" value="1"/>
          <property name="Exif/Software" value="PENTAX K-70 Ver. 1.00        "/>
          <property name="File/ImageHeight" value="4000"/>
          <property name="File/ImageWidth" value="6000"/>
          <property name="System/FileModifyDate" value="2023:11:29 12:12:56"/>
          <property name="System/FileSize" value="9734901"/>
        </meta>
      </photo>
    </camera>
    <camera camera_id="12">
      <photo path="../../../../../../../Desktop/Objects/Object_1/IMGP6618.JPG">
        <meta>
          <property name="Exif/Artist" value=""/>
          <property name="Exif/DateTime" value="2023:11:29 12:12:57"/>
          <property name="Exif/DateTimeOriginal" value="2023:11:29 12:12:57"/>
          <property name="Exif/ExposureTime" value="0.01"/>
          <property name="Exif/FNumber" value="6.3"/>
          <property name="Exif/FocalLength" value="18"/>
          <property name="Exif/FocalLengthIn35mmFilm" value="27"/>
          <property name="Exif/ISOSpeedRatings" value="800"/>
          <property name="Exif/Make" value="RICOH IMAGING COMPANY, LTD.  "/>
          <property name="Exif/Model" value="PENTAX K-70        "/>
          <property name="Exif/Orientation" value="1"/>
          <property name="Exif/Software" value="PENTAX K-70 Ver. 1.00        "/>
          <property name="File/ImageHeight" value="4000"/>
          <property name="File/ImageWidth" value="6000"/>
          <property name="System/FileModifyDate" value="2023:11:29 12:12:58"/>
          <property name="System/FileSize" value="9740517"/>
        </meta>
      </photo>
    </camera>
    <camera camera_id="13">
      <photo path="../../../../../../../Desktop/Objects/Object_1/IMGP6619.JPG">
        <meta>
          <property name="Exif/Artist" value=""/>
          <property name="Exif/DateTime" value="2023:11:29 12:13:01"/>
          <property name="Exif/DateTimeOriginal" value="2023:11:29 12:13:01"/>
          <property name="Exif/ExposureTime" value="0.01"/>
          <property name="Exif/FNumber" value="6.3"/>
          <property name="Exif/FocalLength" value="18"/>
          <property name="Exif/FocalLengthIn35mmFilm" value="27"/>
          <property name="Exif/ISOSpeedRatings" value="800"/>
          <property name="Exif/Make" value="RICOH IMAGING COMPANY, LTD.  "/>
          <property name="Exif/Model" value="PENTAX K-70        "/>
          <property name="Exif/Orientation" value="1"/>
          <property name="Exif/Software" value="PENTAX K-70 Ver. 1.00        "/>
          <property name="File/ImageHeight" value="4000"/>
          <property name="File/ImageWidth" value="6000"/>
          <property name="System/FileModifyDate" value="2023:11:29 12:13:02"/>
          <property name="System/FileSize" value="9608777"/>
        </meta>
      </photo>
    </camera>
    <camera camera_id="14">
      <photo path="../../../../../../../Desktop/Objects/Object_1/IMGP6620.JPG">
        <meta>
          <property name="Exif/Artist" value=""/>
          <property name="Exif/DateTime" value="2023:11:29 12:13:03"/>
          <property name="Exif/DateTimeOriginal" value="2023:11:29 12:13:03"/>
          <property name="Exif/ExposureTime" value="0.01"/>
          <property name="Exif/FNumber" value="6.3"/>
          <property name="Exif/FocalLength" value="18"/>
          <property name="Exif/FocalLengthIn35mmFilm" value="27"/>
          <property name="Exif/ISOSpeedRatings" value="800"/>
          <property name="Exif/Make" value="RICOH IMAGING COMPANY, LTD.  "/>
          <property name="Exif/Model" value="PENTAX K-70        "/>
          <property name="Exif/Orientation" value="1"/>
          <property name="Exif/Software" value="PENTAX K-70 Ver. 1.00        "/>
          <property name="File/ImageHeight" value="4000"/>
          <property name="File/ImageWidth" value="6000"/>
          <property name="System/FileModifyDate" value="2023:11:29 12:13:04"/>
          <property name="System/FileSize" value="9621868"/>
        </meta>
      </photo>
    </camera>
    <camera camera_id="15">
      <photo path="../../../../../../../Desktop/Objects/Object_1/IMGP6621.JPG">
        <meta>
          <property name="Exif/Artist" value=""/>
          <property name="Exif/DateTime" value="2023:11:29 12:13:10"/>
          <property name="Exif/DateTimeOriginal" value="2023:11:29 12:13:10"/>
          <property name="Exif/ExposureTime" value="0.01"/>
          <property name="Exif/FNumber" value="6.3"/>
          <property name="Exif/FocalLength" value="18"/>
          <property name="Exif/FocalLengthIn35mmFilm" value="27"/>
          <property name="Exif/ISOSpeedRatings" value="800"/>
          <property name="Exif/Make" value="RICOH IMAGING COMPANY, LTD.  "/>
          <property name="Exif/Model" value="PENTAX K-70        "/>
          <property name="Exif/Orientation" value="1"/>
          <property name="Exif/Software" value="PENTAX K-70 Ver. 1.00        "/>
          <property name="File/ImageHeight" value="4000"/>
          <property name="File/ImageWidth" value="6000"/>
          <property name="System/FileModifyDate" value="2023:11:29 12:13:11"/>
          <property name="System/FileSize" value="9684928"/>
        </meta>
      </photo>
    </camera>
    <camera camera_id="16">
      <photo path="../../../../../../../Desktop/Objects/Object_1/IMGP6622.JPG">
        <meta>
          <property name="Exif/Artist" value=""/>
          <property name="Exif/DateTime" value="2023:11:29 12:13:12"/>
          <property name="Exif/DateTimeOriginal" value="2023:11:29 12:13:12"/>
          <property name="Exif/ExposureTime" value="0.01"/>
          <property name="Exif/FNumber" value="6.3"/>
          <property name="Exif/FocalLength" value="18"/>
          <property name="Exif/FocalLengthIn35mmFilm" value="27"/>
          <property name="Exif/ISOSpeedRatings" value="800"/>
          <property name="Exif/Make" value="RICOH IMAGING COMPANY, LTD.  "/>
          <property name="Exif/Model" value="PENTAX K-70        "/>
          <property name="Exif/Orientation" value="1"/>
          <property name="Exif/Software" value="PENTAX K-70 Ver. 1.00        "/>
          <property name="File/ImageHeight" value="4000"/>
          <property name="File/ImageWidth" value="6000"/>
          <property name="System/FileModifyDate" value="2023:11:29 12:13:13"/>
          <property name="System/FileSize" value="9751096"/>
        </meta>
      </photo>
    </camera>
    <camera camera_id="17">
      <photo path="../../../../../../../Desktop/Objects/Object_1/IMGP6623.JPG">
        <meta>
          <property name="Exif/Artist" value=""/>
          <property name="Exif/DateTime" value="2023:11:29 12:13:17"/>
          <property name="Exif/DateTimeOriginal" value="2023:11:29 12:13:17"/>
          <property name="Exif/ExposureTime" value="0.01"/>
          <property name="Exif/FNumber" value="6.3"/>
          <property name="Exif/FocalLength" value="18"/>
          <property name="Exif/FocalLengthIn35mmFilm" value="27"/>
          <property name="Exif/ISOSpeedRatings" value="800"/>
          <property name="Exif/Make" value="RICOH IMAGING COMPANY, LTD.  "/>
          <property name="Exif/Model" value="PENTAX K-70        "/>
          <property name="Exif/Orientation" value="1"/>
          <property name="Exif/Software" value="PENTAX K-70 Ver. 1.00        "/>
          <property name="File/ImageHeight" value="4000"/>
          <property name="File/ImageWidth" value="6000"/>
          <property name="System/FileModifyDate" value="2023:11:29 12:13:17"/>
          <property name="System/FileSize" value="9629978"/>
        </meta>
      </photo>
    </camera>
    <camera camera_id="18">
      <photo path="../../../../../../../Desktop/Objects/Object_1/IMGP6624.JPG">
        <meta>
          <property name="Exif/Artist" value=""/>
          <property name="Exif/DateTime" value="2023:11:29 12:13:19"/>
          <property name="Exif/DateTimeOriginal" value="2023:11:29 12:13:19"/>
          <property name="Exif/ExposureTime" value="0.01"/>
          <property name="Exif/FNumber" value="6.3"/>
          <property name="Exif/FocalLength" value="18"/>
          <property name="Exif/FocalLengthIn35mmFilm" value="27"/>
          <property name="Exif/ISOSpeedRatings" value="800"/>
          <property name="Exif/Make" value="RICOH IMAGING COMPANY, LTD.  "/>
          <property name="Exif/Model" value="PENTAX K-70        "/>
          <property name="Exif/Orientation" value="1"/>
          <property name="Exif/Software" value="PENTAX K-70 Ver. 1.00        "/>
          <property name="File/ImageHeight" value="4000"/>
          <property name="File/ImageWidth" value="6000"/>
          <property name="System/FileModifyDate" value="2023:11:29 12:13:19"/>
          <property name="System/FileSize" value="9452704"/>
        </meta>
      </photo>
    </camera>
    <camera camera_id="19">
      <photo path="../../../../../../../Desktop/Objects/Object_1/IMGP6625.JPG">
        <meta>
          <property name="Exif/Artist" value=""/>
          <property name="Exif/DateTime" value="2023:11:29 12:13:22"/>
          <property name="Exif/DateTimeOriginal" value="2023:11:29 12:13:22"/>
          <property name="Exif/ExposureTime" value="0.01"/>
          <property name="Exif/FNumber" value="6.3"/>
          <property name="Exif/FocalLength" value="18"/>
          <property name="Exif/FocalLengthIn35mmFilm" value="27"/>
          <property name="Exif/ISOSpeedRatings" value="800"/>
          <property name="Exif/Make" value="RICOH IMAGING COMPANY, LTD.  "/>
          <property name="Exif/Model" value="PENTAX K-70        "/>
          <property name="Exif/Orientation" value="1"/>
          <property name="Exif/Software" value="PENTAX K-70 Ver. 1.00        "/>
          <property name="File/ImageHeight" value="4000"/>
          <property name="File/ImageWidth" value="6000"/>
          <property name="System/FileModifyDate" value="2023:11:29 12:13:23"/>
          <property name="System/FileSize" value="9522351"/>
        </meta>
      </photo>
    </camera>
    <camera camera_id="20">
      <photo path="../../../../../../../Desktop/Objects/Object_1/IMGP6626.JPG">
        <meta>
          <property name="Exif/Artist" value=""/>
          <property name="Exif/DateTime" value="2023:11:29 12:13:24"/>
          <property name="Exif/DateTimeOriginal" value="2023:11:29 12:13:24"/>
          <property name="Exif/ExposureTime" value="0.01"/>
          <property name="Exif/FNumber" value="6.3"/>
          <property name="Exif/FocalLength" value="18"/>
          <property name="Exif/FocalLengthIn35mmFilm" value="27"/>
          <property name="Exif/ISOSpeedRatings" value="800"/>
          <property name="Exif/Make" value="RICOH IMAGING COMPANY, LTD.  "/>
          <property name="Exif/Model" value="PENTAX K-70        "/>
          <property name="Exif/Orientation" value="1"/>
          <property name="Exif/Software" value="PENTAX K-70 Ver. 1.00        "/>
          <property name="File/ImageHeight" value="4000"/>
          <property name="File/ImageWidth" value="6000"/>
          <property name="System/FileModifyDate" value="2023:11:29 12:13:25"/>
          <property name="System/FileSize" value="9641890"/>
        </meta>
      </photo>
    </camera>
    <camera camera_id="21">
      <photo path="../../../../../../../Desktop/Objects/Object_1/IMGP6627.JPG">
        <meta>
          <property name="Exif/Artist" value=""/>
          <property name="Exif/DateTime" value="2023:11:29 12:13:28"/>
          <property name="Exif/DateTimeOriginal" value="2023:11:29 12:13:28"/>
          <property name="Exif/ExposureTime" value="0.01"/>
          <property name="Exif/FNumber" value="6.3"/>
          <property name="Exif/FocalLength" value="18"/>
          <property name="Exif/FocalLengthIn35mmFilm" value="27"/>
          <property name="Exif/ISOSpeedRatings" value="800"/>
          <property name="Exif/Make" value="RICOH IMAGING COMPANY, LTD.  "/>
          <property name="Exif/Model" value="PENTAX K-70        "/>
          <property name="Exif/Orientation" value="1"/>
          <property name="Exif/Software" value="PENTAX K-70 Ver. 1.00        "/>
          <property name="File/ImageHeight" value="4000"/>
          <property name="File/ImageWidth" value="6000"/>
          <property name="System/FileModifyDate" value="2023:11:29 12:13:29"/>
          <property name="System/FileSize" value="9859782"/>
        </meta>
      </photo>
    </camera>
    <camera camera_id="22">
      <photo path="../../../../../../../Desktop/Objects/Object_1/IMGP6628.JPG">
        <meta>
          <property name="Exif/Artist" value=""/>
          <property name="Exif/DateTime" value="2023:11:29 12:13:30"/>
          <property name="Exif/DateTimeOriginal" value="2023:11:29 12:13:30"/>
          <property name="Exif/ExposureTime" value="0.01"/>
          <property name="Exif/FNumber" value="6.3"/>
          <property name="Exif/FocalLength" value="18"/>
          <property name="Exif/FocalLengthIn35mmFilm" value="27"/>
          <property name="Exif/ISOSpeedRatings" value="800"/>
          <property name="Exif/Make" value="RICOH IMAGING COMPANY, LTD.  "/>
          <property name="Exif/Model" value="PENTAX K-70        "/>
          <property name="Exif/Orientation" value="1"/>
          <property name="Exif/Software" value="PENTAX K-70 Ver. 1.00        "/>
          <property name="File/ImageHeight" value="4000"/>
          <property name="File/ImageWidth" value="6000"/>
          <property name="System/FileModifyDate" value="2023:11:29 12:13:31"/>
          <property name="System/FileSize" value="9517519"/>
        </meta>
      </photo>
    </camera>
    <camera camera_id="23">
      <photo path="../../../../../../../Desktop/Objects/Object_1/IMGP6629.JPG">
        <meta>
          <property name="Exif/Artist" value=""/>
          <property name="Exif/DateTime" value="2023:11:29 12:13:32"/>
          <property name="Exif/DateTimeOriginal" value="2023:11:29 12:13:32"/>
          <property name="Exif/ExposureTime" value="0.01"/>
          <property name="Exif/FNumber" value="6.3"/>
          <property name="Exif/FocalLength" value="18"/>
          <property name="Exif/FocalLengthIn35mmFilm" value="27"/>
          <property name="Exif/ISOSpeedRatings" value="800"/>
          <property name="Exif/Make" value="RICOH IMAGING COMPANY, LTD.  "/>
          <property name="Exif/Model" value="PENTAX K-70        "/>
          <property name="Exif/Orientation" value="1"/>
          <property name="Exif/Software" value="PENTAX K-70 Ver. 1.00        "/>
          <property name="File/ImageHeight" value="4000"/>
          <property name="File/ImageWidth" value="6000"/>
          <property name="System/FileModifyDate" value="2023:11:29 12:13:33"/>
          <property name="System/FileSize" value="9594943"/>
        </meta>
      </photo>
    </camera>
    <camera camera_id="24">
      <photo path="../../../../../../../Desktop/Objects/Object_1/IMGP6630.JPG">
        <meta>
          <property name="Exif/Artist" value=""/>
          <property name="Exif/DateTime" value="2023:11:29 12:13:39"/>
          <property name="Exif/DateTimeOriginal" value="2023:11:29 12:13:39"/>
          <property name="Exif/ExposureTime" value="0.01"/>
          <property name="Exif/FNumber" value="6.3"/>
          <property name="Exif/FocalLength" value="18"/>
          <property name="Exif/FocalLengthIn35mmFilm" value="27"/>
          <property name="Exif/ISOSpeedRatings" value="800"/>
          <property name="Exif/Make" value="RICOH IMAGING COMPANY, LTD.  "/>
          <property name="Exif/Model" value="PENTAX K-70        "/>
          <property name="Exif/Orientation" value="1"/>
          <property name="Exif/Software" value="PENTAX K-70 Ver. 1.00        "/>
          <property name="File/ImageHeight" value="4000"/>
          <property name="File/ImageWidth" value="6000"/>
          <property name="System/FileModifyDate" value="2023:11:29 12:13:40"/>
          <property name="System/FileSize" value="9732431"/>
        </meta>
      </photo>
    </camera>
    <camera camera_id="25">
      <photo path="../../../../../../../Desktop/Objects/Object_1/IMGP6631.JPG">
        <meta>
          <property name="Exif/Artist" value=""/>
          <property name="Exif/DateTime" value="2023:11:29 12:13:43"/>
          <property name="Exif/DateTimeOriginal" value="2023:11:29 12:13:43"/>
          <property name="Exif/ExposureTime" value="0.01"/>
          <property name="Exif/FNumber" value="6.3"/>
          <property name="Exif/FocalLength" value="18"/>
          <property name="Exif/FocalLengthIn35mmFilm" value="27"/>
          <property name="Exif/ISOSpeedRatings" value="800"/>
          <property name="Exif/Make" value="RICOH IMAGING COMPANY, LTD.  "/>
          <property name="Exif/Model" value="PENTAX K-70        "/>
          <property name="Exif/Orientation" value="1"/>
          <property name="Exif/Software" value="PENTAX K-70 Ver. 1.00        "/>
          <property name="File/ImageHeight" value="4000"/>
          <property name="File/ImageWidth" value="6000"/>
          <property name="System/FileModifyDate" value="2023:11:29 12:13:44"/>
          <property name="System/FileSize" value="9796007"/>
        </meta>
      </photo>
    </camera>
    <camera camera_id="26">
      <photo path="../../../../../../../Desktop/Objects/Object_1/IMGP6632.JPG">
        <meta>
          <property name="Exif/Artist" value=""/>
          <property name="Exif/DateTime" value="2023:11:29 12:13:45"/>
          <property name="Exif/DateTimeOriginal" value="2023:11:29 12:13:45"/>
          <property name="Exif/ExposureTime" value="0.01"/>
          <property name="Exif/FNumber" value="6.3"/>
          <property name="Exif/FocalLength" value="18"/>
          <property name="Exif/FocalLengthIn35mmFilm" value="27"/>
          <property name="Exif/ISOSpeedRatings" value="800"/>
          <property name="Exif/Make" value="RICOH IMAGING COMPANY, LTD.  "/>
          <property name="Exif/Model" value="PENTAX K-70        "/>
          <property name="Exif/Orientation" value="1"/>
          <property name="Exif/Software" value="PENTAX K-70 Ver. 1.00        "/>
          <property name="File/ImageHeight" value="4000"/>
          <property name="File/ImageWidth" value="6000"/>
          <property name="System/FileModifyDate" value="2023:11:29 12:13:46"/>
          <property name="System/FileSize" value="9616775"/>
        </meta>
      </photo>
    </camera>
    <camera camera_id="27">
      <photo path="../../../../../../../Desktop/Objects/Object_1/IMGP6633.JPG">
        <meta>
          <property name="Exif/Artist" value=""/>
          <property name="Exif/DateTime" value="2023:11:29 12:13:57"/>
          <property name="Exif/DateTimeOriginal" value="2023:11:29 12:13:57"/>
          <property name="Exif/ExposureTime" value="0.01"/>
          <property name="Exif/FNumber" value="6.3"/>
          <property name="Exif/FocalLength" value="18"/>
          <property name="Exif/FocalLengthIn35mmFilm" value="27"/>
          <property name="Exif/ISOSpeedRatings" value="800"/>
          <property name="Exif/Make" value="RICOH IMAGING COMPANY, LTD.  "/>
          <property name="Exif/Model" value="PENTAX K-70        "/>
          <property name="Exif/Orientation" value="1"/>
          <property name="Exif/Software" value="PENTAX K-70 Ver. 1.00        "/>
          <property name="File/ImageHeight" value="4000"/>
          <property name="File/ImageWidth" value="6000"/>
          <property name="System/FileModifyDate" value="2023:11:29 12:13:58"/>
          <property name="System/FileSize" value="9675755"/>
        </meta>
      </photo>
    </camera>
    <camera camera_id="28">
      <photo path="../../../../../../../Desktop/Objects/Object_1/IMGP6634.JPG">
        <meta>
          <property name="Exif/Artist" value=""/>
          <property name="Exif/DateTime" value="2023:11:29 12:14:02"/>
          <property name="Exif/DateTimeOriginal" value="2023:11:29 12:14:02"/>
          <property name="Exif/ExposureTime" value="0.01"/>
          <property name="Exif/FNumber" value="6.3"/>
          <property name="Exif/FocalLength" value="18"/>
          <property name="Exif/FocalLengthIn35mmFilm" value="27"/>
          <property name="Exif/ISOSpeedRatings" value="800"/>
          <property name="Exif/Make" value="RICOH IMAGING COMPANY, LTD.  "/>
          <property name="Exif/Model" value="PENTAX K-70        "/>
          <property name="Exif/Orientation" value="1"/>
          <property name="Exif/Software" value="PENTAX K-70 Ver. 1.00        "/>
          <property name="File/ImageHeight" value="4000"/>
          <property name="File/ImageWidth" value="6000"/>
          <property name="System/FileModifyDate" value="2023:11:29 12:14:03"/>
          <property name="System/FileSize" value="9920434"/>
        </meta>
      </photo>
    </camera>
    <camera camera_id="29">
      <photo path="../../../../../../../Desktop/Objects/Object_1/IMGP6635.JPG">
        <meta>
          <property name="Exif/Artist" value=""/>
          <property name="Exif/DateTime" value="2023:11:29 12:14:08"/>
          <property name="Exif/DateTimeOriginal" value="2023:11:29 12:14:08"/>
          <property name="Exif/ExposureTime" value="0.01"/>
          <property name="Exif/FNumber" value="6.3"/>
          <property name="Exif/FocalLength" value="18"/>
          <property name="Exif/FocalLengthIn35mmFilm" value="27"/>
          <property name="Exif/ISOSpeedRatings" value="800"/>
          <property name="Exif/Make" value="RICOH IMAGING COMPANY, LTD.  "/>
          <property name="Exif/Model" value="PENTAX K-70        "/>
          <property name="Exif/Orientation" value="1"/>
          <property name="Exif/Software" value="PENTAX K-70 Ver. 1.00        "/>
          <property name="File/ImageHeight" value="4000"/>
          <property name="File/ImageWidth" value="6000"/>
          <property name="System/FileModifyDate" value="2023:11:29 12:14:09"/>
          <property name="System/FileSize" value="10034554"/>
        </meta>
      </photo>
    </camera>
    <camera camera_id="30">
      <photo path="../../../../../../../Desktop/Objects/Object_1/IMGP6636.JPG">
        <meta>
          <property name="Exif/Artist" value=""/>
          <property name="Exif/DateTime" value="2023:11:29 12:14:14"/>
          <property name="Exif/DateTimeOriginal" value="2023:11:29 12:14:14"/>
          <property name="Exif/ExposureTime" value="0.01"/>
          <property name="Exif/FNumber" value="6.3"/>
          <property name="Exif/FocalLength" value="18"/>
          <property name="Exif/FocalLengthIn35mmFilm" value="27"/>
          <property name="Exif/ISOSpeedRatings" value="800"/>
          <property name="Exif/Make" value="RICOH IMAGING COMPANY, LTD.  "/>
          <property name="Exif/Model" value="PENTAX K-70        "/>
          <property name="Exif/Orientation" value="1"/>
          <property name="Exif/Software" value="PENTAX K-70 Ver. 1.00        "/>
          <property name="File/ImageHeight" value="4000"/>
          <property name="File/ImageWidth" value="6000"/>
          <property name="System/FileModifyDate" value="2023:11:29 12:14:15"/>
          <property name="System/FileSize" value="9941989"/>
        </meta>
      </photo>
    </camera>
    <camera camera_id="31">
      <photo path="../../../../../../../Desktop/Objects/Object_1/IMGP6637.JPG">
        <meta>
          <property name="Exif/Artist" value=""/>
          <property name="Exif/DateTime" value="2023:11:29 12:14:24"/>
          <property name="Exif/DateTimeOriginal" value="2023:11:29 12:14:24"/>
          <property name="Exif/ExposureTime" value="0.01"/>
          <property name="Exif/FNumber" value="6.3"/>
          <property name="Exif/FocalLength" value="31"/>
          <property name="Exif/FocalLengthIn35mmFilm" value="46"/>
          <property name="Exif/ISOSpeedRatings" value="800"/>
          <property name="Exif/Make" value="RICOH IMAGING COMPANY, LTD.  "/>
          <property name="Exif/Model" value="PENTAX K-70        "/>
          <property name="Exif/Orientation" value="1"/>
          <property name="Exif/Software" value="PENTAX K-70 Ver. 1.00        "/>
          <property name="File/ImageHeight" value="4000"/>
          <property name="File/ImageWidth" value="6000"/>
          <property name="System/FileModifyDate" value="2023:11:29 12:14:25"/>
          <property name="System/FileSize" value="10117337"/>
        </meta>
      </photo>
    </camera>
    <camera camera_id="32">
      <photo path="../../../../../../../Desktop/Objects/Object_1/IMGP6638.JPG">
        <meta>
          <property name="Exif/Artist" value=""/>
          <property name="Exif/DateTime" value="2023:11:29 12:14:30"/>
          <property name="Exif/DateTimeOriginal" value="2023:11:29 12:14:30"/>
          <property name="Exif/ExposureTime" value="0.01"/>
          <property name="Exif/FNumber" value="6.3"/>
          <property name="Exif/FocalLength" value="18"/>
          <property name="Exif/FocalLengthIn35mmFilm" value="27"/>
          <property name="Exif/ISOSpeedRatings" value="800"/>
          <property name="Exif/Make" value="RICOH IMAGING COMPANY, LTD.  "/>
          <property name="Exif/Model" value="PENTAX K-70        "/>
          <property name="Exif/Orientation" value="1"/>
          <property name="Exif/Software" value="PENTAX K-70 Ver. 1.00        "/>
          <property name="File/ImageHeight" value="4000"/>
          <property name="File/ImageWidth" value="6000"/>
          <property name="System/FileModifyDate" value="2023:11:29 12:14:31"/>
          <property name="System/FileSize" value="9556623"/>
        </meta>
      </photo>
    </camera>
    <camera camera_id="33">
      <photo path="../../../../../../../Desktop/Objects/Object_1/IMGP6639.JPG">
        <meta>
          <property name="Exif/Artist" value=""/>
          <property name="Exif/DateTime" value="2023:11:29 12:14:38"/>
          <property name="Exif/DateTimeOriginal" value="2023:11:29 12:14:38"/>
          <property name="Exif/ExposureTime" value="0.01"/>
          <property name="Exif/FNumber" value="6.3"/>
          <property name="Exif/FocalLength" value="28"/>
          <property name="Exif/FocalLengthIn35mmFilm" value="42"/>
          <property name="Exif/ISOSpeedRatings" value="800"/>
          <property name="Exif/Make" value="RICOH IMAGING COMPANY, LTD.  "/>
          <property name="Exif/Model" value="PENTAX K-70        "/>
          <property name="Exif/Orientation" value="1"/>
          <property name="Exif/Software" value="PENTAX K-70 Ver. 1.00        "/>
          <property name="File/ImageHeight" value="4000"/>
          <property name="File/ImageWidth" value="6000"/>
          <property name="System/FileModifyDate" value="2023:11:29 12:14:39"/>
          <property name="System/FileSize" value="10141738"/>
        </meta>
      </photo>
    </camera>
    <camera camera_id="34">
      <photo path="../../../../../../../Desktop/Objects/Object_1/IMGP6640.JPG">
        <meta>
          <property name="Exif/Artist" value=""/>
          <property name="Exif/DateTime" value="2023:11:29 12:14:44"/>
          <property name="Exif/DateTimeOriginal" value="2023:11:29 12:14:44"/>
          <property name="Exif/ExposureTime" value="0.01"/>
          <property name="Exif/FNumber" value="6.3"/>
          <property name="Exif/FocalLength" value="28"/>
          <property name="Exif/FocalLengthIn35mmFilm" value="42"/>
          <property name="Exif/ISOSpeedRatings" value="800"/>
          <property name="Exif/Make" value="RICOH IMAGING COMPANY, LTD.  "/>
          <property name="Exif/Model" value="PENTAX K-70        "/>
          <property name="Exif/Orientation" value="1"/>
          <property name="Exif/Software" value="PENTAX K-70 Ver. 1.00        "/>
          <property name="File/ImageHeight" value="4000"/>
          <property name="File/ImageWidth" value="6000"/>
          <property name="System/FileModifyDate" value="2023:11:29 12:14:44"/>
          <property name="System/FileSize" value="10156461"/>
        </meta>
      </photo>
    </camera>
    <camera camera_id="35">
      <photo path="../../../../../../../Desktop/Objects/Object_1/IMGP6641.JPG">
        <meta>
          <property name="Exif/Artist" value=""/>
          <property name="Exif/DateTime" value="2023:11:29 12:14:50"/>
          <property name="Exif/DateTimeOriginal" value="2023:11:29 12:14:50"/>
          <property name="Exif/ExposureTime" value="0.01"/>
          <property name="Exif/FNumber" value="6.3"/>
          <property name="Exif/FocalLength" value="28"/>
          <property name="Exif/FocalLengthIn35mmFilm" value="42"/>
          <property name="Exif/ISOSpeedRatings" value="800"/>
          <property name="Exif/Make" value="RICOH IMAGING COMPANY, LTD.  "/>
          <property name="Exif/Model" value="PENTAX K-70        "/>
          <property name="Exif/Orientation" value="1"/>
          <property name="Exif/Software" value="PENTAX K-70 Ver. 1.00        "/>
          <property name="File/ImageHeight" value="4000"/>
          <property name="File/ImageWidth" value="6000"/>
          <property name="System/FileModifyDate" value="2023:11:29 12:14:51"/>
          <property name="System/FileSize" value="10003297"/>
        </meta>
      </photo>
    </camera>
    <camera camera_id="36">
      <photo path="../../../../../../../Desktop/Objects/Object_1/IMGP6642.JPG">
        <meta>
          <property name="Exif/Artist" value=""/>
          <property name="Exif/DateTime" value="2023:11:29 12:15:01"/>
          <property name="Exif/DateTimeOriginal" value="2023:11:29 12:15:01"/>
          <property name="Exif/ExposureTime" value="0.01"/>
          <property name="Exif/FNumber" value="6.3"/>
          <property name="Exif/FocalLength" value="18"/>
          <property name="Exif/FocalLengthIn35mmFilm" value="27"/>
          <property name="Exif/ISOSpeedRatings" value="800"/>
          <property name="Exif/Make" value="RICOH IMAGING COMPANY, LTD.  "/>
          <property name="Exif/Model" value="PENTAX K-70        "/>
          <property name="Exif/Orientation" value="1"/>
          <property name="Exif/Software" value="PENTAX K-70 Ver. 1.00        "/>
          <property name="File/ImageHeight" value="4000"/>
          <property name="File/ImageWidth" value="6000"/>
          <property name="System/FileModifyDate" value="2023:11:29 12:15:02"/>
          <property name="System/FileSize" value="9384627"/>
        </meta>
      </photo>
    </camera>
    <camera camera_id="37">
      <photo path="../../../../../../../Desktop/Objects/Object_1/IMGP6643.JPG">
        <meta>
          <property name="Exif/Artist" value=""/>
          <property name="Exif/DateTime" value="2023:11:29 12:15:04"/>
          <property name="Exif/DateTimeOriginal" value="2023:11:29 12:15:04"/>
          <property name="Exif/ExposureTime" value="0.01"/>
          <property name="Exif/FNumber" value="6.3"/>
          <property name="Exif/FocalLength" value="18"/>
          <property name="Exif/FocalLengthIn35mmFilm" value="27"/>
          <property name="Exif/ISOSpeedRatings" value="800"/>
          <property name="Exif/Make" value="RICOH IMAGING COMPANY, LTD.  "/>
          <property name="Exif/Model" value="PENTAX K-70        "/>
          <property name="Exif/Orientation" value="1"/>
          <property name="Exif/Software" value="PENTAX K-70 Ver. 1.00        "/>
          <property name="File/ImageHeight" value="4000"/>
          <property name="File/ImageWidth" value="6000"/>
          <property name="System/FileModifyDate" value="2023:11:29 12:15:05"/>
          <property name="System/FileSize" value="9299226"/>
        </meta>
      </photo>
    </camera>
    <camera camera_id="38">
      <photo path="../../../../../../../Desktop/Objects/Object_1/IMGP6644.JPG">
        <meta>
          <property name="Exif/Artist" value=""/>
          <property name="Exif/DateTime" value="2023:11:29 12:15:14"/>
          <property name="Exif/DateTimeOriginal" value="2023:11:29 12:15:14"/>
          <property name="Exif/ExposureTime" value="0.01"/>
          <property name="Exif/FNumber" value="6.3"/>
          <property name="Exif/FocalLength" value="36"/>
          <property name="Exif/FocalLengthIn35mmFilm" value="54"/>
          <property name="Exif/ISOSpeedRatings" value="800"/>
          <property name="Exif/Make" value="RICOH IMAGING COMPANY, LTD.  "/>
          <property name="Exif/Model" value="PENTAX K-70        "/>
          <property name="Exif/Orientation" value="1"/>
          <property name="Exif/Software" value="PENTAX K-70 Ver. 1.00        "/>
          <property name="File/ImageHeight" value="4000"/>
          <property name="File/ImageWidth" value="6000"/>
          <property name="System/FileModifyDate" value="2023:11:29 12:15:14"/>
          <property name="System/FileSize" value="10059127"/>
        </meta>
      </photo>
    </camera>
    <camera camera_id="39">
      <photo path="../../../../../../../Desktop/Objects/Object_1/IMGP6645.JPG">
        <meta>
          <property name="Exif/Artist" value=""/>
          <property name="Exif/DateTime" value="2023:11:29 12:15:21"/>
          <property name="Exif/DateTimeOriginal" value="2023:11:29 12:15:21"/>
          <property name="Exif/ExposureTime" value="0.01"/>
          <property name="Exif/FNumber" value="6.3"/>
          <property name="Exif/FocalLength" value="48"/>
          <property name="Exif/FocalLengthIn35mmFilm" value="72"/>
          <property name="Exif/ISOSpeedRatings" value="800"/>
          <property name="Exif/Make" value="RICOH IMAGING COMPANY, LTD.  "/>
          <property name="Exif/Model" value="PENTAX K-70        "/>
          <property name="Exif/Orientation" value="1"/>
          <property name="Exif/Software" value="PENTAX K-70 Ver. 1.00        "/>
          <property name="File/ImageHeight" value="4000"/>
          <property name="File/ImageWidth" value="6000"/>
          <property name="System/FileModifyDate" value="2023:11:29 12:15:22"/>
          <property name="System/FileSize" value="10113791"/>
        </meta>
      </photo>
    </camera>
    <camera camera_id="40">
      <photo path="../../../../../../../Desktop/Objects/Object_1/IMGP6646.JPG">
        <meta>
          <property name="Exif/Artist" value=""/>
          <property name="Exif/DateTime" value="2023:11:29 12:15:24"/>
          <property name="Exif/DateTimeOriginal" value="2023:11:29 12:15:24"/>
          <property name="Exif/ExposureTime" value="0.01"/>
          <property name="Exif/FNumber" value="6.3"/>
          <property name="Exif/FocalLength" value="31"/>
          <property name="Exif/FocalLengthIn35mmFilm" value="46"/>
          <property name="Exif/ISOSpeedRatings" value="800"/>
          <property name="Exif/Make" value="RICOH IMAGING COMPANY, LTD.  "/>
          <property name="Exif/Model" value="PENTAX K-70        "/>
          <property name="Exif/Orientation" value="1"/>
          <property name="Exif/Software" value="PENTAX K-70 Ver. 1.00        "/>
          <property name="File/ImageHeight" value="4000"/>
          <property name="File/ImageWidth" value="6000"/>
          <property name="System/FileModifyDate" value="2023:11:29 12:15:25"/>
          <property name="System/FileSize" value="9800642"/>
        </meta>
      </photo>
    </camera>
    <camera camera_id="41">
      <photo path="../../../../../../../Desktop/Objects/Object_1/IMGP6647.JPG">
        <meta>
          <property name="Exif/Artist" value=""/>
          <property name="Exif/DateTime" value="2023:11:29 12:15:34"/>
          <property name="Exif/DateTimeOriginal" value="2023:11:29 12:15:34"/>
          <property name="Exif/ExposureTime" value="0.01"/>
          <property name="Exif/FNumber" value="6.3"/>
          <property name="Exif/FocalLength" value="48"/>
          <property name="Exif/FocalLengthIn35mmFilm" value="72"/>
          <property name="Exif/ISOSpeedRatings" value="800"/>
          <property name="Exif/Make" value="RICOH IMAGING COMPANY, LTD.  "/>
          <property name="Exif/Model" value="PENTAX K-70        "/>
          <property name="Exif/Orientation" value="1"/>
          <property name="Exif/Software" value="PENTAX K-70 Ver. 1.00        "/>
          <property name="File/ImageHeight" value="4000"/>
          <property name="File/ImageWidth" value="6000"/>
          <property name="System/FileModifyDate" value="2023:11:29 12:15:35"/>
          <property name="System/FileSize" value="10102721"/>
        </meta>
      </photo>
    </camera>
    <camera camera_id="42">
      <photo path="../../../../../../../Desktop/Objects/Object_1/IMGP6648.JPG">
        <meta>
          <property name="Exif/Artist" value=""/>
          <property name="Exif/DateTime" value="2023:11:29 12:15:42"/>
          <property name="Exif/DateTimeOriginal" value="2023:11:29 12:15:42"/>
          <property name="Exif/ExposureTime" value="0.01"/>
          <property name="Exif/FNumber" value="6.3"/>
          <property name="Exif/FocalLength" value="53"/>
          <property name="Exif/FocalLengthIn35mmFilm" value="79"/>
          <property name="Exif/ISOSpeedRatings" value="800"/>
          <property name="Exif/Make" value="RICOH IMAGING COMPANY, LTD.  "/>
          <property name="Exif/Model" value="PENTAX K-70        "/>
          <property name="Exif/Orientation" value="1"/>
          <property name="Exif/Software" value="PENTAX K-70 Ver. 1.00        "/>
          <property name="File/ImageHeight" value="4000"/>
          <property name="File/ImageWidth" value="6000"/>
          <property name="System/FileModifyDate" value="2023:11:29 12:15:43"/>
          <property name="System/FileSize" value="9890812"/>
        </meta>
      </photo>
    </camera>
    <camera camera_id="43">
      <photo path="../../../../../../../Desktop/Objects/Object_1/IMGP6649.JPG">
        <meta>
          <property name="Exif/Artist" value=""/>
          <property name="Exif/DateTime" value="2023:11:29 12:15:47"/>
          <property name="Exif/DateTimeOriginal" value="2023:11:29 12:15:47"/>
          <property name="Exif/ExposureTime" value="0.01"/>
          <property name="Exif/FNumber" value="6.3"/>
          <property name="Exif/FocalLength" value="53"/>
          <property name="Exif/FocalLengthIn35mmFilm" value="79"/>
          <property name="Exif/ISOSpeedRatings" value="800"/>
          <property name="Exif/Make" value="RICOH IMAGING COMPANY, LTD.  "/>
          <property name="Exif/Model" value="PENTAX K-70        "/>
          <property name="Exif/Orientation" value="1"/>
          <property name="Exif/Software" value="PENTAX K-70 Ver. 1.00        "/>
          <property name="File/ImageHeight" value="4000"/>
          <property name="File/ImageWidth" value="6000"/>
          <property name="System/FileModifyDate" value="2023:11:29 12:15:48"/>
          <property name="System/FileSize" value="9781208"/>
        </meta>
      </photo>
    </camera>
    <camera camera_id="44">
      <photo path="../../../../../../../Desktop/Objects/Object_1/IMGP6650.JPG">
        <meta>
          <property name="Exif/Artist" value=""/>
          <property name="Exif/DateTime" value="2023:11:29 12:15:57"/>
          <property name="Exif/DateTimeOriginal" value="2023:11:29 12:15:57"/>
          <property name="Exif/ExposureTime" value="0.01"/>
          <property name="Exif/FNumber" value="6.3"/>
          <property name="Exif/FocalLength" value="53"/>
          <property name="Exif/FocalLengthIn35mmFilm" value="79"/>
          <property name="Exif/ISOSpeedRatings" value="800"/>
          <property name="Exif/Make" value="RICOH IMAGING COMPANY, LTD.  "/>
          <property name="Exif/Model" value="PENTAX K-70        "/>
          <property name="Exif/Orientation" value="1"/>
          <property name="Exif/Software" value="PENTAX K-70 Ver. 1.00        "/>
          <property name="File/ImageHeight" value="4000"/>
          <property name="File/ImageWidth" value="6000"/>
          <property name="System/FileModifyDate" value="2023:11:29 12:15:58"/>
          <property name="System/FileSize" value="10147920"/>
        </meta>
      </photo>
    </camera>
    <camera camera_id="45">
      <photo path="../../../../../../../Desktop/Objects/Object_1/IMGP6651.JPG">
        <meta>
          <property name="Exif/Artist" value=""/>
          <property name="Exif/DateTime" value="2023:11:29 12:16:04"/>
          <property name="Exif/DateTimeOriginal" value="2023:11:29 12:16:04"/>
          <property name="Exif/ExposureTime" value="0.01"/>
          <property name="Exif/FNumber" value="6.3"/>
          <property name="Exif/FocalLength" value="36"/>
          <property name="Exif/FocalLengthIn35mmFilm" value="54"/>
          <property name="Exif/ISOSpeedRatings" value="800"/>
          <property name="Exif/Make" value="RICOH IMAGING COMPANY, LTD.  "/>
          <property name="Exif/Model" value="PENTAX K-70        "/>
          <property name="Exif/Orientation" value="1"/>
          <property name="Exif/Software" value="PENTAX K-70 Ver. 1.00        "/>
          <property name="File/ImageHeight" value="4000"/>
          <property name="File/ImageWidth" value="6000"/>
          <property name="System/FileModifyDate" value="2023:11:29 12:16:05"/>
          <property name="System/FileSize" value="10332547"/>
        </meta>
      </photo>
    </camera>
  </cameras>
  <thumbnails path="thumbnails/thumbnails.zip"/>
  <point_cloud path="point_cloud/point_cloud.zip"/>
  <depth_maps id="0" path="depth_maps/depth_maps.zip"/>
  <model id="0" path="model/model.zip"/>
</frame>
