<?xml version="1.0" encoding="UTF-8"?>
<frame version="1.2.0">
  <cameras>
    <camera camera_id="0">
      <photo path="../../../../../../../Desktop/Objects/Object_2/IMGP6698.JPG">
        <meta>
          <property name="Exif/DateTime" value="2023:11:29 12:24:05"/>
          <property name="Exif/DateTimeOriginal" value="2023:11:29 12:24:05"/>
          <property name="Exif/ExposureTime" value="0.01"/>
          <property name="Exif/FNumber" value="5"/>
          <property name="Exif/FocalLength" value="40"/>
          <property name="Exif/FocalLengthIn35mmFilm" value="60"/>
          <property name="Exif/ISOSpeedRatings" value="800"/>
          <property name="Exif/Make" value="RICOH IMAGING COMPANY, LTD.  "/>
          <property name="Exif/Model" value="PENTAX K-70        "/>
          <property name="Exif/Orientation" value="1"/>
          <property name="Exif/Software" value="PENTAX K-70 Ver. 1.00        "/>
          <property name="File/ImageHeight" value="4000"/>
          <property name="File/ImageWidth" value="6000"/>
          <property name="System/FileModifyDate" value="2023:11:29 12:24:06"/>
          <property name="System/FileSize" value="9166856"/>
        </meta>
      </photo>
    </camera>
    <camera camera_id="1">
      <photo path="../../../../../../../Desktop/Objects/Object_2/IMGP6699.JPG">
        <meta>
          <property name="Exif/DateTime" value="2023:11:29 12:24:10"/>
          <property name="Exif/DateTimeOriginal" value="2023:11:29 12:24:10"/>
          <property name="Exif/ExposureTime" value="0.01"/>
          <property name="Exif/FNumber" value="5"/>
          <property name="Exif/FocalLength" value="36"/>
          <property name="Exif/FocalLengthIn35mmFilm" value="54"/>
          <property name="Exif/ISOSpeedRatings" value="800"/>
          <property name="Exif/Make" value="RICOH IMAGING COMPANY, LTD.  "/>
          <property name="Exif/Model" value="PENTAX K-70        "/>
          <property name="Exif/Orientation" value="1"/>
          <property name="Exif/Software" value="PENTAX K-70 Ver. 1.00        "/>
          <property name="File/ImageHeight" value="4000"/>
          <property name="File/ImageWidth" value="6000"/>
          <property name="System/FileModifyDate" value="2023:11:29 12:24:11"/>
          <property name="System/FileSize" value="9325755"/>
        </meta>
      </photo>
    </camera>
    <camera camera_id="2">
      <photo path="../../../../../../../Desktop/Objects/Object_2/IMGP6700.JPG">
        <meta>
          <property name="Exif/DateTime" value="2023:11:29 12:24:14"/>
          <property name="Exif/DateTimeOriginal" value="2023:11:29 12:24:14"/>
          <property name="Exif/ExposureTime" value="0.01"/>
          <property name="Exif/FNumber" value="5"/>
          <property name="Exif/FocalLength" value="36"/>
          <property name="Exif/FocalLengthIn35mmFilm" value="54"/>
          <property name="Exif/ISOSpeedRatings" value="800"/>
          <property name="Exif/Make" value="RICOH IMAGING COMPANY, LTD.  "/>
          <property name="Exif/Model" value="PENTAX K-70        "/>
          <property name="Exif/Orientation" value="1"/>
          <property name="Exif/Software" value="PENTAX K-70 Ver. 1.00        "/>
          <property name="File/ImageHeight" value="4000"/>
          <property name="File/ImageWidth" value="6000"/>
          <property name="System/FileModifyDate" value="2023:11:29 12:24:15"/>
          <property name="System/FileSize" value="8962719"/>
        </meta>
      </photo>
    </camera>
    <camera camera_id="3">
      <photo path="../../../../../../../Desktop/Objects/Object_2/IMGP6701.JPG">
        <meta>
          <property name="Exif/DateTime" value="2023:11:29 12:24:18"/>
          <property name="Exif/DateTimeOriginal" value="2023:11:29 12:24:18"/>
          <property name="Exif/ExposureTime" value="0.01"/>
          <property name="Exif/FNumber" value="5"/>
          <property name="Exif/FocalLength" value="36"/>
          <property name="Exif/FocalLengthIn35mmFilm" value="54"/>
          <property name="Exif/ISOSpeedRatings" value="800"/>
          <property name="Exif/Make" value="RICOH IMAGING COMPANY, LTD.  "/>
          <property name="Exif/Model" value="PENTAX K-70        "/>
          <property name="Exif/Orientation" value="1"/>
          <property name="Exif/Software" value="PENTAX K-70 Ver. 1.00        "/>
          <property name="File/ImageHeight" value="4000"/>
          <property name="File/ImageWidth" value="6000"/>
          <property name="System/FileModifyDate" value="2023:11:29 12:24:19"/>
          <property name="System/FileSize" value="8227985"/>
        </meta>
      </photo>
    </camera>
    <camera camera_id="4">
      <photo path="../../../../../../../Desktop/Objects/Object_2/IMGP6702.JPG">
        <meta>
          <property name="Exif/DateTime" value="2023:11:29 12:24:22"/>
          <property name="Exif/DateTimeOriginal" value="2023:11:29 12:24:22"/>
          <property name="Exif/ExposureTime" value="0.01"/>
          <property name="Exif/FNumber" value="5"/>
          <property name="Exif/FocalLength" value="36"/>
          <property name="Exif/FocalLengthIn35mmFilm" value="54"/>
          <property name="Exif/ISOSpeedRatings" value="800"/>
          <property name="Exif/Make" value="RICOH IMAGING COMPANY, LTD.  "/>
          <property name="Exif/Model" value="PENTAX K-70        "/>
          <property name="Exif/Orientation" value="1"/>
          <property name="Exif/Software" value="PENTAX K-70 Ver. 1.00        "/>
          <property name="File/ImageHeight" value="4000"/>
          <property name="File/ImageWidth" value="6000"/>
          <property name="System/FileModifyDate" value="2023:11:29 12:24:23"/>
          <property name="System/FileSize" value="8675863"/>
        </meta>
      </photo>
    </camera>
    <camera camera_id="5">
      <photo path="../../../../../../../Desktop/Objects/Object_2/IMGP6703.JPG">
        <meta>
          <property name="Exif/DateTime" value="2023:11:29 12:24:27"/>
          <property name="Exif/DateTimeOriginal" value="2023:11:29 12:24:27"/>
          <property name="Exif/ExposureTime" value="0.01"/>
          <property name="Exif/FNumber" value="5"/>
          <property name="Exif/FocalLength" value="36"/>
          <property name="Exif/FocalLengthIn35mmFilm" value="54"/>
          <property name="Exif/ISOSpeedRatings" value="800"/>
          <property name="Exif/Make" value="RICOH IMAGING COMPANY, LTD.  "/>
          <property name="Exif/Model" value="PENTAX K-70        "/>
          <property name="Exif/Orientation" value="1"/>
          <property name="Exif/Software" value="PENTAX K-70 Ver. 1.00        "/>
          <property name="File/ImageHeight" value="4000"/>
          <property name="File/ImageWidth" value="6000"/>
          <property name="System/FileModifyDate" value="2023:11:29 12:24:28"/>
          <property name="System/FileSize" value="8824259"/>
        </meta>
      </photo>
    </camera>
    <camera camera_id="6">
      <photo path="../../../../../../../Desktop/Objects/Object_2/IMGP6704.JPG">
        <meta>
          <property name="Exif/DateTime" value="2023:11:29 12:24:31"/>
          <property name="Exif/DateTimeOriginal" value="2023:11:29 12:24:31"/>
          <property name="Exif/ExposureTime" value="0.01"/>
          <property name="Exif/FNumber" value="5"/>
          <property name="Exif/FocalLength" value="36"/>
          <property name="Exif/FocalLengthIn35mmFilm" value="54"/>
          <property name="Exif/ISOSpeedRatings" value="800"/>
          <property name="Exif/Make" value="RICOH IMAGING COMPANY, LTD.  "/>
          <property name="Exif/Model" value="PENTAX K-70        "/>
          <property name="Exif/Orientation" value="1"/>
          <property name="Exif/Software" value="PENTAX K-70 Ver. 1.00        "/>
          <property name="File/ImageHeight" value="4000"/>
          <property name="File/ImageWidth" value="6000"/>
          <property name="System/FileModifyDate" value="2023:11:29 12:24:32"/>
          <property name="System/FileSize" value="8311865"/>
        </meta>
      </photo>
    </camera>
    <camera camera_id="7">
      <photo path="../../../../../../../Desktop/Objects/Object_2/IMGP6705.JPG">
        <meta>
          <property name="Exif/DateTime" value="2023:11:29 12:24:34"/>
          <property name="Exif/DateTimeOriginal" value="2023:11:29 12:24:34"/>
          <property name="Exif/ExposureTime" value="0.01"/>
          <property name="Exif/FNumber" value="5"/>
          <property name="Exif/FocalLength" value="36"/>
          <property name="Exif/FocalLengthIn35mmFilm" value="54"/>
          <property name="Exif/ISOSpeedRatings" value="800"/>
          <property name="Exif/Make" value="RICOH IMAGING COMPANY, LTD.  "/>
          <property name="Exif/Model" value="PENTAX K-70        "/>
          <property name="Exif/Orientation" value="1"/>
          <property name="Exif/Software" value="PENTAX K-70 Ver. 1.00        "/>
          <property name="File/ImageHeight" value="4000"/>
          <property name="File/ImageWidth" value="6000"/>
          <property name="System/FileModifyDate" value="2023:11:29 12:24:35"/>
          <property name="System/FileSize" value="8108741"/>
        </meta>
      </photo>
    </camera>
    <camera camera_id="8">
      <photo path="../../../../../../../Desktop/Objects/Object_2/IMGP6706.JPG">
        <meta>
          <property name="Exif/DateTime" value="2023:11:29 12:24:37"/>
          <property name="Exif/DateTimeOriginal" value="2023:11:29 12:24:37"/>
          <property name="Exif/ExposureTime" value="0.01"/>
          <property name="Exif/FNumber" value="5"/>
          <property name="Exif/FocalLength" value="36"/>
          <property name="Exif/FocalLengthIn35mmFilm" value="54"/>
          <property name="Exif/ISOSpeedRatings" value="800"/>
          <property name="Exif/Make" value="RICOH IMAGING COMPANY, LTD.  "/>
          <property name="Exif/Model" value="PENTAX K-70        "/>
          <property name="Exif/Orientation" value="1"/>
          <property name="Exif/Software" value="PENTAX K-70 Ver. 1.00        "/>
          <property name="File/ImageHeight" value="4000"/>
          <property name="File/ImageWidth" value="6000"/>
          <property name="System/FileModifyDate" value="2023:11:29 12:24:38"/>
          <property name="System/FileSize" value="8478646"/>
        </meta>
      </photo>
    </camera>
    <camera camera_id="9">
      <photo path="../../../../../../../Desktop/Objects/Object_2/IMGP6707.JPG">
        <meta>
          <property name="Exif/DateTime" value="2023:11:29 12:24:40"/>
          <property name="Exif/DateTimeOriginal" value="2023:11:29 12:24:40"/>
          <property name="Exif/ExposureTime" value="0.01"/>
          <property name="Exif/FNumber" value="5"/>
          <property name="Exif/FocalLength" value="36"/>
          <property name="Exif/FocalLengthIn35mmFilm" value="54"/>
          <property name="Exif/ISOSpeedRatings" value="800"/>
          <property name="Exif/Make" value="RICOH IMAGING COMPANY, LTD.  "/>
          <property name="Exif/Model" value="PENTAX K-70        "/>
          <property name="Exif/Orientation" value="1"/>
          <property name="Exif/Software" value="PENTAX K-70 Ver. 1.00        "/>
          <property name="File/ImageHeight" value="4000"/>
          <property name="File/ImageWidth" value="6000"/>
          <property name="System/FileModifyDate" value="2023:11:29 12:24:41"/>
          <property name="System/FileSize" value="8542907"/>
        </meta>
      </photo>
    </camera>
    <camera camera_id="10">
      <photo path="../../../../../../../Desktop/Objects/Object_2/IMGP6708.JPG">
        <meta>
          <property name="Exif/DateTime" value="2023:11:29 12:24:43"/>
          <property name="Exif/DateTimeOriginal" value="2023:11:29 12:24:43"/>
          <property name="Exif/ExposureTime" value="0.01"/>
          <property name="Exif/FNumber" value="5"/>
          <property name="Exif/FocalLength" value="36"/>
          <property name="Exif/FocalLengthIn35mmFilm" value="54"/>
          <property name="Exif/ISOSpeedRatings" value="800"/>
          <property name="Exif/Make" value="RICOH IMAGING COMPANY, LTD.  "/>
          <property name="Exif/Model" value="PENTAX K-70        "/>
          <property name="Exif/Orientation" value="1"/>
          <property name="Exif/Software" value="PENTAX K-70 Ver. 1.00        "/>
          <property name="File/ImageHeight" value="4000"/>
          <property name="File/ImageWidth" value="6000"/>
          <property name="System/FileModifyDate" value="2023:11:29 12:24:44"/>
          <property name="System/FileSize" value="8992778"/>
        </meta>
      </photo>
    </camera>
    <camera camera_id="11">
      <photo path="../../../../../../../Desktop/Objects/Object_2/IMGP6709.JPG">
        <meta>
          <property name="Exif/DateTime" value="2023:11:29 12:24:48"/>
          <property name="Exif/DateTimeOriginal" value="2023:11:29 12:24:48"/>
          <property name="Exif/ExposureTime" value="0.01"/>
          <property name="Exif/FNumber" value="5"/>
          <property name="Exif/FocalLength" value="36"/>
          <property name="Exif/FocalLengthIn35mmFilm" value="54"/>
          <property name="Exif/ISOSpeedRatings" value="800"/>
          <property name="Exif/Make" value="RICOH IMAGING COMPANY, LTD.  "/>
          <property name="Exif/Model" value="PENTAX K-70        "/>
          <property name="Exif/Orientation" value="1"/>
          <property name="Exif/Software" value="PENTAX K-70 Ver. 1.00        "/>
          <property name="File/ImageHeight" value="4000"/>
          <property name="File/ImageWidth" value="6000"/>
          <property name="System/FileModifyDate" value="2023:11:29 12:24:49"/>
          <property name="System/FileSize" value="9166565"/>
        </meta>
      </photo>
    </camera>
    <camera camera_id="12">
      <photo path="../../../../../../../Desktop/Objects/Object_2/IMGP6710.JPG">
        <meta>
          <property name="Exif/DateTime" value="2023:11:29 12:24:51"/>
          <property name="Exif/DateTimeOriginal" value="2023:11:29 12:24:51"/>
          <property name="Exif/ExposureTime" value="0.01"/>
          <property name="Exif/FNumber" value="5"/>
          <property name="Exif/FocalLength" value="36"/>
          <property name="Exif/FocalLengthIn35mmFilm" value="54"/>
          <property name="Exif/ISOSpeedRatings" value="800"/>
          <property name="Exif/Make" value="RICOH IMAGING COMPANY, LTD.  "/>
          <property name="Exif/Model" value="PENTAX K-70        "/>
          <property name="Exif/Orientation" value="1"/>
          <property name="Exif/Software" value="PENTAX K-70 Ver. 1.00        "/>
          <property name="File/ImageHeight" value="4000"/>
          <property name="File/ImageWidth" value="6000"/>
          <property name="System/FileModifyDate" value="2023:11:29 12:24:52"/>
          <property name="System/FileSize" value="9283617"/>
        </meta>
      </photo>
    </camera>
    <camera camera_id="13">
      <photo path="../../../../../../../Desktop/Objects/Object_2/IMGP6711.JPG">
        <meta>
          <property name="Exif/DateTime" value="2023:11:29 12:24:54"/>
          <property name="Exif/DateTimeOriginal" value="2023:11:29 12:24:54"/>
          <property name="Exif/ExposureTime" value="0.01"/>
          <property name="Exif/FNumber" value="5"/>
          <property name="Exif/FocalLength" value="36"/>
          <property name="Exif/FocalLengthIn35mmFilm" value="54"/>
          <property name="Exif/ISOSpeedRatings" value="800"/>
          <property name="Exif/Make" value="RICOH IMAGING COMPANY, LTD.  "/>
          <property name="Exif/Model" value="PENTAX K-70        "/>
          <property name="Exif/Orientation" value="1"/>
          <property name="Exif/Software" value="PENTAX K-70 Ver. 1.00        "/>
          <property name="File/ImageHeight" value="4000"/>
          <property name="File/ImageWidth" value="6000"/>
          <property name="System/FileModifyDate" value="2023:11:29 12:24:55"/>
          <property name="System/FileSize" value="9063173"/>
        </meta>
      </photo>
    </camera>
    <camera camera_id="14">
      <photo path="../../../../../../../Desktop/Objects/Object_2/IMGP6712.JPG">
        <meta>
          <property name="Exif/DateTime" value="2023:11:29 12:24:57"/>
          <property name="Exif/DateTimeOriginal" value="2023:11:29 12:24:57"/>
          <property name="Exif/ExposureTime" value="0.01"/>
          <property name="Exif/FNumber" value="5"/>
          <property name="Exif/FocalLength" value="36"/>
          <property name="Exif/FocalLengthIn35mmFilm" value="54"/>
          <property name="Exif/ISOSpeedRatings" value="800"/>
          <property name="Exif/Make" value="RICOH IMAGING COMPANY, LTD.  "/>
          <property name="Exif/Model" value="PENTAX K-70        "/>
          <property name="Exif/Orientation" value="1"/>
          <property name="Exif/Software" value="PENTAX K-70 Ver. 1.00        "/>
          <property name="File/ImageHeight" value="4000"/>
          <property name="File/ImageWidth" value="6000"/>
          <property name="System/FileModifyDate" value="2023:11:29 12:24:58"/>
          <property name="System/FileSize" value="9114125"/>
        </meta>
      </photo>
    </camera>
    <camera camera_id="15">
      <photo path="../../../../../../../Desktop/Objects/Object_2/IMGP6713.JPG">
        <meta>
          <property name="Exif/DateTime" value="2023:11:29 12:25:01"/>
          <property name="Exif/DateTimeOriginal" value="2023:11:29 12:25:01"/>
          <property name="Exif/ExposureTime" value="0.01"/>
          <property name="Exif/FNumber" value="5"/>
          <property name="Exif/FocalLength" value="48"/>
          <property name="Exif/FocalLengthIn35mmFilm" value="72"/>
          <property name="Exif/ISOSpeedRatings" value="800"/>
          <property name="Exif/Make" value="RICOH IMAGING COMPANY, LTD.  "/>
          <property name="Exif/Model" value="PENTAX K-70        "/>
          <property name="Exif/Orientation" value="1"/>
          <property name="Exif/Software" value="PENTAX K-70 Ver. 1.00        "/>
          <property name="File/ImageHeight" value="4000"/>
          <property name="File/ImageWidth" value="6000"/>
          <property name="System/FileModifyDate" value="2023:11:29 12:25:02"/>
          <property name="System/FileSize" value="8846675"/>
        </meta>
      </photo>
    </camera>
    <camera camera_id="16">
      <photo path="../../../../../../../Desktop/Objects/Object_2/IMGP6714.JPG">
        <meta>
          <property name="Exif/DateTime" value="2023:11:29 12:25:04"/>
          <property name="Exif/DateTimeOriginal" value="2023:11:29 12:25:04"/>
          <property name="Exif/ExposureTime" value="0.01"/>
          <property name="Exif/FNumber" value="5"/>
          <property name="Exif/FocalLength" value="48"/>
          <property name="Exif/FocalLengthIn35mmFilm" value="72"/>
          <property name="Exif/ISOSpeedRatings" value="800"/>
          <property name="Exif/Make" value="RICOH IMAGING COMPANY, LTD.  "/>
          <property name="Exif/Model" value="PENTAX K-70        "/>
          <property name="Exif/Orientation" value="1"/>
          <property name="Exif/Software" value="PENTAX K-70 Ver. 1.00        "/>
          <property name="File/ImageHeight" value="4000"/>
          <property name="File/ImageWidth" value="6000"/>
          <property name="System/FileModifyDate" value="2023:11:29 12:25:05"/>
          <property name="System/FileSize" value="9261641"/>
        </meta>
      </photo>
    </camera>
    <camera camera_id="17">
      <photo path="../../../../../../../Desktop/Objects/Object_2/IMGP6715.JPG">
        <meta>
          <property name="Exif/DateTime" value="2023:11:29 12:25:10"/>
          <property name="Exif/DateTimeOriginal" value="2023:11:29 12:25:10"/>
          <property name="Exif/ExposureTime" value="0.01"/>
          <property name="Exif/FNumber" value="5"/>
          <property name="Exif/FocalLength" value="31"/>
          <property name="Exif/FocalLengthIn35mmFilm" value="46"/>
          <property name="Exif/ISOSpeedRatings" value="800"/>
          <property name="Exif/Make" value="RICOH IMAGING COMPANY, LTD.  "/>
          <property name="Exif/Model" value="PENTAX K-70        "/>
          <property name="Exif/Orientation" value="1"/>
          <property name="Exif/Software" value="PENTAX K-70 Ver. 1.00        "/>
          <property name="File/ImageHeight" value="4000"/>
          <property name="File/ImageWidth" value="6000"/>
          <property name="System/FileModifyDate" value="2023:11:29 12:25:11"/>
          <property name="System/FileSize" value="9717573"/>
        </meta>
      </photo>
    </camera>
    <camera camera_id="18">
      <photo path="../../../../../../../Desktop/Objects/Object_2/IMGP6716.JPG">
        <meta>
          <property name="Exif/DateTime" value="2023:11:29 12:25:14"/>
          <property name="Exif/DateTimeOriginal" value="2023:11:29 12:25:14"/>
          <property name="Exif/ExposureTime" value="0.01"/>
          <property name="Exif/FNumber" value="5"/>
          <property name="Exif/FocalLength" value="31"/>
          <property name="Exif/FocalLengthIn35mmFilm" value="46"/>
          <property name="Exif/ISOSpeedRatings" value="800"/>
          <property name="Exif/Make" value="RICOH IMAGING COMPANY, LTD.  "/>
          <property name="Exif/Model" value="PENTAX K-70        "/>
          <property name="Exif/Orientation" value="1"/>
          <property name="Exif/Software" value="PENTAX K-70 Ver. 1.00        "/>
          <property name="File/ImageHeight" value="4000"/>
          <property name="File/ImageWidth" value="6000"/>
          <property name="System/FileModifyDate" value="2023:11:29 12:25:15"/>
          <property name="System/FileSize" value="9562336"/>
        </meta>
      </photo>
    </camera>
    <camera camera_id="19">
      <photo path="../../../../../../../Desktop/Objects/Object_2/IMGP6717.JPG">
        <meta>
          <property name="Exif/DateTime" value="2023:11:29 12:25:19"/>
          <property name="Exif/DateTimeOriginal" value="2023:11:29 12:25:19"/>
          <property name="Exif/ExposureTime" value="0.01"/>
          <property name="Exif/FNumber" value="5"/>
          <property name="Exif/FocalLength" value="31"/>
          <property name="Exif/FocalLengthIn35mmFilm" value="46"/>
          <property name="Exif/ISOSpeedRatings" value="800"/>
          <property name="Exif/Make" value="RICOH IMAGING COMPANY, LTD.  "/>
          <property name="Exif/Model" value="PENTAX K-70        "/>
          <property name="Exif/Orientation" value="1"/>
          <property name="Exif/Software" value="PENTAX K-70 Ver. 1.00        "/>
          <property name="File/ImageHeight" value="4000"/>
          <property name="File/ImageWidth" value="6000"/>
          <property name="System/FileModifyDate" value="2023:11:29 12:25:20"/>
          <property name="System/FileSize" value="9281282"/>
        </meta>
      </photo>
    </camera>
    <camera camera_id="20">
      <photo path="../../../../../../../Desktop/Objects/Object_2/IMGP6718.JPG">
        <meta>
          <property name="Exif/DateTime" value="2023:11:29 12:25:21"/>
          <property name="Exif/DateTimeOriginal" value="2023:11:29 12:25:21"/>
          <property name="Exif/ExposureTime" value="0.01"/>
          <property name="Exif/FNumber" value="5"/>
          <property name="Exif/FocalLength" value="31"/>
          <property name="Exif/FocalLengthIn35mmFilm" value="46"/>
          <property name="Exif/ISOSpeedRatings" value="800"/>
          <property name="Exif/Make" value="RICOH IMAGING COMPANY, LTD.  "/>
          <property name="Exif/Model" value="PENTAX K-70        "/>
          <property name="Exif/Orientation" value="1"/>
          <property name="Exif/Software" value="PENTAX K-70 Ver. 1.00        "/>
          <property name="File/ImageHeight" value="4000"/>
          <property name="File/ImageWidth" value="6000"/>
          <property name="System/FileModifyDate" value="2023:11:29 12:25:22"/>
          <property name="System/FileSize" value="9211143"/>
        </meta>
      </photo>
    </camera>
    <camera camera_id="21">
      <photo path="../../../../../../../Desktop/Objects/Object_2/IMGP6719.JPG">
        <meta>
          <property name="Exif/DateTime" value="2023:11:29 12:25:27"/>
          <property name="Exif/DateTimeOriginal" value="2023:11:29 12:25:27"/>
          <property name="Exif/ExposureTime" value="0.01"/>
          <property name="Exif/FNumber" value="5"/>
          <property name="Exif/FocalLength" value="31"/>
          <property name="Exif/FocalLengthIn35mmFilm" value="46"/>
          <property name="Exif/ISOSpeedRatings" value="800"/>
          <property name="Exif/Make" value="RICOH IMAGING COMPANY, LTD.  "/>
          <property name="Exif/Model" value="PENTAX K-70        "/>
          <property name="Exif/Orientation" value="1"/>
          <property name="Exif/Software" value="PENTAX K-70 Ver. 1.00        "/>
          <property name="File/ImageHeight" value="4000"/>
          <property name="File/ImageWidth" value="6000"/>
          <property name="System/FileModifyDate" value="2023:11:29 12:25:28"/>
          <property name="System/FileSize" value="9360103"/>
        </meta>
      </photo>
    </camera>
    <camera camera_id="22">
      <photo path="../../../../../../../Desktop/Objects/Object_2/IMGP6720.JPG">
        <meta>
          <property name="Exif/DateTime" value="2023:11:29 12:25:29"/>
          <property name="Exif/DateTimeOriginal" value="2023:11:29 12:25:29"/>
          <property name="Exif/ExposureTime" value="0.01"/>
          <property name="Exif/FNumber" value="5"/>
          <property name="Exif/FocalLength" value="31"/>
          <property name="Exif/FocalLengthIn35mmFilm" value="46"/>
          <property name="Exif/ISOSpeedRatings" value="800"/>
          <property name="Exif/Make" value="RICOH IMAGING COMPANY, LTD.  "/>
          <property name="Exif/Model" value="PENTAX K-70        "/>
          <property name="Exif/Orientation" value="1"/>
          <property name="Exif/Software" value="PENTAX K-70 Ver. 1.00        "/>
          <property name="File/ImageHeight" value="4000"/>
          <property name="File/ImageWidth" value="6000"/>
          <property name="System/FileModifyDate" value="2023:11:29 12:25:30"/>
          <property name="System/FileSize" value="9357460"/>
        </meta>
      </photo>
    </camera>
    <camera camera_id="23">
      <photo path="../../../../../../../Desktop/Objects/Object_2/IMGP6721.JPG">
        <meta>
          <property name="Exif/DateTime" value="2023:11:29 12:25:33"/>
          <property name="Exif/DateTimeOriginal" value="2023:11:29 12:25:33"/>
          <property name="Exif/ExposureTime" value="0.01"/>
          <property name="Exif/FNumber" value="5"/>
          <property name="Exif/FocalLength" value="31"/>
          <property name="Exif/FocalLengthIn35mmFilm" value="46"/>
          <property name="Exif/ISOSpeedRatings" value="800"/>
          <property name="Exif/Make" value="RICOH IMAGING COMPANY, LTD.  "/>
          <property name="Exif/Model" value="PENTAX K-70        "/>
          <property name="Exif/Orientation" value="1"/>
          <property name="Exif/Software" value="PENTAX K-70 Ver. 1.00        "/>
          <property name="File/ImageHeight" value="4000"/>
          <property name="File/ImageWidth" value="6000"/>
          <property name="System/FileModifyDate" value="2023:11:29 12:25:34"/>
          <property name="System/FileSize" value="9172120"/>
        </meta>
      </photo>
    </camera>
    <camera camera_id="24">
      <photo path="../../../../../../../Desktop/Objects/Object_2/IMGP6722.JPG">
        <meta>
          <property name="Exif/DateTime" value="2023:11:29 12:25:39"/>
          <property name="Exif/DateTimeOriginal" value="2023:11:29 12:25:39"/>
          <property name="Exif/ExposureTime" value="0.01"/>
          <property name="Exif/FNumber" value="5"/>
          <property name="Exif/FocalLength" value="31"/>
          <property name="Exif/FocalLengthIn35mmFilm" value="46"/>
          <property name="Exif/ISOSpeedRatings" value="800"/>
          <property name="Exif/Make" value="RICOH IMAGING COMPANY, LTD.  "/>
          <property name="Exif/Model" value="PENTAX K-70        "/>
          <property name="Exif/Orientation" value="1"/>
          <property name="Exif/Software" value="PENTAX K-70 Ver. 1.00        "/>
          <property name="File/ImageHeight" value="4000"/>
          <property name="File/ImageWidth" value="6000"/>
          <property name="System/FileModifyDate" value="2023:11:29 12:25:40"/>
          <property name="System/FileSize" value="8601542"/>
        </meta>
      </photo>
    </camera>
    <camera camera_id="25">
      <photo path="../../../../../../../Desktop/Objects/Object_2/IMGP6723.JPG">
        <meta>
          <property name="Exif/DateTime" value="2023:11:29 12:25:44"/>
          <property name="Exif/DateTimeOriginal" value="2023:11:29 12:25:44"/>
          <property name="Exif/ExposureTime" value="0.01"/>
          <property name="Exif/FNumber" value="5"/>
          <property name="Exif/FocalLength" value="21"/>
          <property name="Exif/FocalLengthIn35mmFilm" value="31"/>
          <property name="Exif/ISOSpeedRatings" value="800"/>
          <property name="Exif/Make" value="RICOH IMAGING COMPANY, LTD.  "/>
          <property name="Exif/Model" value="PENTAX K-70        "/>
          <property name="Exif/Orientation" value="1"/>
          <property name="Exif/Software" value="PENTAX K-70 Ver. 1.00        "/>
          <property name="File/ImageHeight" value="4000"/>
          <property name="File/ImageWidth" value="6000"/>
          <property name="System/FileModifyDate" value="2023:11:29 12:25:45"/>
          <property name="System/FileSize" value="8314299"/>
        </meta>
      </photo>
    </camera>
    <camera camera_id="26">
      <photo path="../../../../../../../Desktop/Objects/Object_2/IMGP6724.JPG">
        <meta>
          <property name="Exif/DateTime" value="2023:11:29 12:25:50"/>
          <property name="Exif/DateTimeOriginal" value="2023:11:29 12:25:50"/>
          <property name="Exif/ExposureTime" value="0.01"/>
          <property name="Exif/FNumber" value="5"/>
          <property name="Exif/FocalLength" value="24"/>
          <property name="Exif/FocalLengthIn35mmFilm" value="36"/>
          <property name="Exif/ISOSpeedRatings" value="800"/>
          <property name="Exif/Make" value="RICOH IMAGING COMPANY, LTD.  "/>
          <property name="Exif/Model" value="PENTAX K-70        "/>
          <property name="Exif/Orientation" value="1"/>
          <property name="Exif/Software" value="PENTAX K-70 Ver. 1.00        "/>
          <property name="File/ImageHeight" value="4000"/>
          <property name="File/ImageWidth" value="6000"/>
          <property name="System/FileModifyDate" value="2023:11:29 12:25:50"/>
          <property name="System/FileSize" value="8700529"/>
        </meta>
      </photo>
    </camera>
    <camera camera_id="27">
      <photo path="../../../../../../../Desktop/Objects/Object_2/IMGP6725.JPG">
        <meta>
          <property name="Exif/DateTime" value="2023:11:29 12:25:56"/>
          <property name="Exif/DateTimeOriginal" value="2023:11:29 12:25:56"/>
          <property name="Exif/ExposureTime" value="0.01"/>
          <property name="Exif/FNumber" value="5"/>
          <property name="Exif/FocalLength" value="31"/>
          <property name="Exif/FocalLengthIn35mmFilm" value="46"/>
          <property name="Exif/ISOSpeedRatings" value="800"/>
          <property name="Exif/Make" value="RICOH IMAGING COMPANY, LTD.  "/>
          <property name="Exif/Model" value="PENTAX K-70        "/>
          <property name="Exif/Orientation" value="1"/>
          <property name="Exif/Software" value="PENTAX K-70 Ver. 1.00        "/>
          <property name="File/ImageHeight" value="4000"/>
          <property name="File/ImageWidth" value="6000"/>
          <property name="System/FileModifyDate" value="2023:11:29 12:25:56"/>
          <property name="System/FileSize" value="9254893"/>
        </meta>
      </photo>
    </camera>
    <camera camera_id="28">
      <photo path="../../../../../../../Desktop/Objects/Object_2/IMGP6726.JPG">
        <meta>
          <property name="Exif/DateTime" value="2023:11:29 12:25:59"/>
          <property name="Exif/DateTimeOriginal" value="2023:11:29 12:25:59"/>
          <property name="Exif/ExposureTime" value="0.01"/>
          <property name="Exif/FNumber" value="5"/>
          <property name="Exif/FocalLength" value="31"/>
          <property name="Exif/FocalLengthIn35mmFilm" value="46"/>
          <property name="Exif/ISOSpeedRatings" value="800"/>
          <property name="Exif/Make" value="RICOH IMAGING COMPANY, LTD.  "/>
          <property name="Exif/Model" value="PENTAX K-70        "/>
          <property name="Exif/Orientation" value="1"/>
          <property name="Exif/Software" value="PENTAX K-70 Ver. 1.00        "/>
          <property name="File/ImageHeight" value="4000"/>
          <property name="File/ImageWidth" value="6000"/>
          <property name="System/FileModifyDate" value="2023:11:29 12:26:00"/>
          <property name="System/FileSize" value="9463563"/>
        </meta>
      </photo>
    </camera>
    <camera camera_id="29">
      <photo path="../../../../../../../Desktop/Objects/Object_2/IMGP6727.JPG">
        <meta>
          <property name="Exif/DateTime" value="2023:11:29 12:26:04"/>
          <property name="Exif/DateTimeOriginal" value="2023:11:29 12:26:04"/>
          <property name="Exif/ExposureTime" value="0.01"/>
          <property name="Exif/FNumber" value="5"/>
          <property name="Exif/FocalLength" value="31"/>
          <property name="Exif/FocalLengthIn35mmFilm" value="46"/>
          <property name="Exif/ISOSpeedRatings" value="800"/>
          <property name="Exif/Make" value="RICOH IMAGING COMPANY, LTD.  "/>
          <property name="Exif/Model" value="PENTAX K-70        "/>
          <property name="Exif/Orientation" value="1"/>
          <property name="Exif/Software" value="PENTAX K-70 Ver. 1.00        "/>
          <property name="File/ImageHeight" value="4000"/>
          <property name="File/ImageWidth" value="6000"/>
          <property name="System/FileModifyDate" value="2023:11:29 12:26:05"/>
          <property name="System/FileSize" value="9463908"/>
        </meta>
      </photo>
    </camera>
    <camera camera_id="30">
      <photo path="../../../../../../../Desktop/Objects/Object_2/IMGP6728.JPG">
        <meta>
          <property name="Exif/DateTime" value="2023:11:29 12:26:08"/>
          <property name="Exif/DateTimeOriginal" value="2023:11:29 12:26:08"/>
          <property name="Exif/ExposureTime" value="0.01"/>
          <property name="Exif/FNumber" value="5"/>
          <property name="Exif/FocalLength" value="31"/>
          <property name="Exif/FocalLengthIn35mmFilm" value="46"/>
          <property name="Exif/ISOSpeedRatings" value="800"/>
          <property name="Exif/Make" value="RICOH IMAGING COMPANY, LTD.  "/>
          <property name="Exif/Model" value="PENTAX K-70        "/>
          <property name="Exif/Orientation" value="1"/>
          <property name="Exif/Software" value="PENTAX K-70 Ver. 1.00        "/>
          <property name="File/ImageHeight" value="4000"/>
          <property name="File/ImageWidth" value="6000"/>
          <property name="System/FileModifyDate" value="2023:11:29 12:26:09"/>
          <property name="System/FileSize" value="9594668"/>
        </meta>
      </photo>
    </camera>
    <camera camera_id="31">
      <photo path="../../../../../../../Desktop/Objects/Object_2/IMGP6729.JPG">
        <meta>
          <property name="Exif/DateTime" value="2023:11:29 12:26:21"/>
          <property name="Exif/DateTimeOriginal" value="2023:11:29 12:26:21"/>
          <property name="Exif/ExposureTime" value="0.01"/>
          <property name="Exif/FNumber" value="5"/>
          <property name="Exif/FocalLength" value="28"/>
          <property name="Exif/FocalLengthIn35mmFilm" value="42"/>
          <property name="Exif/ISOSpeedRatings" value="800"/>
          <property name="Exif/Make" value="RICOH IMAGING COMPANY, LTD.  "/>
          <property name="Exif/Model" value="PENTAX K-70        "/>
          <property name="Exif/Orientation" value="1"/>
          <property name="Exif/Software" value="PENTAX K-70 Ver. 1.00        "/>
          <property name="File/ImageHeight" value="4000"/>
          <property name="File/ImageWidth" value="6000"/>
          <property name="System/FileModifyDate" value="2023:11:29 12:26:22"/>
          <property name="System/FileSize" value="9058208"/>
        </meta>
      </photo>
    </camera>
    <camera camera_id="32">
      <photo path="../../../../../../../Desktop/Objects/Object_2/IMGP6730.JPG">
        <meta>
          <property name="Exif/DateTime" value="2023:11:29 12:26:24"/>
          <property name="Exif/DateTimeOriginal" value="2023:11:29 12:26:24"/>
          <property name="Exif/ExposureTime" value="0.01"/>
          <property name="Exif/FNumber" value="5"/>
          <property name="Exif/FocalLength" value="28"/>
          <property name="Exif/FocalLengthIn35mmFilm" value="42"/>
          <property name="Exif/ISOSpeedRatings" value="800"/>
          <property name="Exif/Make" value="RICOH IMAGING COMPANY, LTD.  "/>
          <property name="Exif/Model" value="PENTAX K-70        "/>
          <property name="Exif/Orientation" value="1"/>
          <property name="Exif/Software" value="PENTAX K-70 Ver. 1.00        "/>
          <property name="File/ImageHeight" value="4000"/>
          <property name="File/ImageWidth" value="6000"/>
          <property name="System/FileModifyDate" value="2023:11:29 12:26:25"/>
          <property name="System/FileSize" value="8950689"/>
        </meta>
      </photo>
    </camera>
    <camera camera_id="33">
      <photo path="../../../../../../../Desktop/Objects/Object_2/IMGP6731.JPG">
        <meta>
          <property name="Exif/DateTime" value="2023:11:29 12:26:26"/>
          <property name="Exif/DateTimeOriginal" value="2023:11:29 12:26:26"/>
          <property name="Exif/ExposureTime" value="0.01"/>
          <property name="Exif/FNumber" value="5"/>
          <property name="Exif/FocalLength" value="28"/>
          <property name="Exif/FocalLengthIn35mmFilm" value="42"/>
          <property name="Exif/ISOSpeedRatings" value="800"/>
          <property name="Exif/Make" value="RICOH IMAGING COMPANY, LTD.  "/>
          <property name="Exif/Model" value="PENTAX K-70        "/>
          <property name="Exif/Orientation" value="1"/>
          <property name="Exif/Software" value="PENTAX K-70 Ver. 1.00        "/>
          <property name="File/ImageHeight" value="4000"/>
          <property name="File/ImageWidth" value="6000"/>
          <property name="System/FileModifyDate" value="2023:11:29 12:26:27"/>
          <property name="System/FileSize" value="8830776"/>
        </meta>
      </photo>
    </camera>
    <camera camera_id="34">
      <photo path="../../../../../../../Desktop/Objects/Object_2/IMGP6732.JPG">
        <meta>
          <property name="Exif/DateTime" value="2023:11:29 12:26:29"/>
          <property name="Exif/DateTimeOriginal" value="2023:11:29 12:26:29"/>
          <property name="Exif/ExposureTime" value="0.01"/>
          <property name="Exif/FNumber" value="5"/>
          <property name="Exif/FocalLength" value="28"/>
          <property name="Exif/FocalLengthIn35mmFilm" value="42"/>
          <property name="Exif/ISOSpeedRatings" value="800"/>
          <property name="Exif/Make" value="RICOH IMAGING COMPANY, LTD.  "/>
          <property name="Exif/Model" value="PENTAX K-70        "/>
          <property name="Exif/Orientation" value="1"/>
          <property name="Exif/Software" value="PENTAX K-70 Ver. 1.00        "/>
          <property name="File/ImageHeight" value="4000"/>
          <property name="File/ImageWidth" value="6000"/>
          <property name="System/FileModifyDate" value="2023:11:29 12:26:30"/>
          <property name="System/FileSize" value="8575262"/>
        </meta>
      </photo>
    </camera>
    <camera camera_id="35">
      <photo path="../../../../../../../Desktop/Objects/Object_2/IMGP6733.JPG">
        <meta>
          <property name="Exif/DateTime" value="2023:11:29 12:26:32"/>
          <property name="Exif/DateTimeOriginal" value="2023:11:29 12:26:32"/>
          <property name="Exif/ExposureTime" value="0.01"/>
          <property name="Exif/FNumber" value="5"/>
          <property name="Exif/FocalLength" value="28"/>
          <property name="Exif/FocalLengthIn35mmFilm" value="42"/>
          <property name="Exif/ISOSpeedRatings" value="800"/>
          <property name="Exif/Make" value="RICOH IMAGING COMPANY, LTD.  "/>
          <property name="Exif/Model" value="PENTAX K-70        "/>
          <property name="Exif/Orientation" value="1"/>
          <property name="Exif/Software" value="PENTAX K-70 Ver. 1.00        "/>
          <property name="File/ImageHeight" value="4000"/>
          <property name="File/ImageWidth" value="6000"/>
          <property name="System/FileModifyDate" value="2023:11:29 12:26:33"/>
          <property name="System/FileSize" value="8623829"/>
        </meta>
      </photo>
    </camera>
    <camera camera_id="36">
      <photo path="../../../../../../../Desktop/Objects/Object_2/IMGP6734.JPG">
        <meta>
          <property name="Exif/DateTime" value="2023:11:29 12:26:33"/>
          <property name="Exif/DateTimeOriginal" value="2023:11:29 12:26:33"/>
          <property name="Exif/ExposureTime" value="0.01"/>
          <property name="Exif/FNumber" value="5"/>
          <property name="Exif/FocalLength" value="28"/>
          <property name="Exif/FocalLengthIn35mmFilm" value="42"/>
          <property name="Exif/ISOSpeedRatings" value="800"/>
          <property name="Exif/Make" value="RICOH IMAGING COMPANY, LTD.  "/>
          <property name="Exif/Model" value="PENTAX K-70        "/>
          <property name="Exif/Orientation" value="1"/>
          <property name="Exif/Software" value="PENTAX K-70 Ver. 1.00        "/>
          <property name="File/ImageHeight" value="4000"/>
          <property name="File/ImageWidth" value="6000"/>
          <property name="System/FileModifyDate" value="2023:11:29 12:26:34"/>
          <property name="System/FileSize" value="8294008"/>
        </meta>
      </photo>
    </camera>
    <camera camera_id="37">
      <photo path="../../../../../../../Desktop/Objects/Object_2/IMGP6735.JPG">
        <meta>
          <property name="Exif/DateTime" value="2023:11:29 12:26:39"/>
          <property name="Exif/DateTimeOriginal" value="2023:11:29 12:26:39"/>
          <property name="Exif/ExposureTime" value="0.01"/>
          <property name="Exif/FNumber" value="5"/>
          <property name="Exif/FocalLength" value="28"/>
          <property name="Exif/FocalLengthIn35mmFilm" value="42"/>
          <property name="Exif/ISOSpeedRatings" value="800"/>
          <property name="Exif/Make" value="RICOH IMAGING COMPANY, LTD.  "/>
          <property name="Exif/Model" value="PENTAX K-70        "/>
          <property name="Exif/Orientation" value="1"/>
          <property name="Exif/Software" value="PENTAX K-70 Ver. 1.00        "/>
          <property name="File/ImageHeight" value="4000"/>
          <property name="File/ImageWidth" value="6000"/>
          <property name="System/FileModifyDate" value="2023:11:29 12:26:40"/>
          <property name="System/FileSize" value="8387668"/>
        </meta>
      </photo>
    </camera>
    <camera camera_id="38">
      <photo path="../../../../../../../Desktop/Objects/Object_2/IMGP6736.JPG">
        <meta>
          <property name="Exif/DateTime" value="2023:11:29 12:26:42"/>
          <property name="Exif/DateTimeOriginal" value="2023:11:29 12:26:42"/>
          <property name="Exif/ExposureTime" value="0.01"/>
          <property name="Exif/FNumber" value="5"/>
          <property name="Exif/FocalLength" value="28"/>
          <property name="Exif/FocalLengthIn35mmFilm" value="42"/>
          <property name="Exif/ISOSpeedRatings" value="800"/>
          <property name="Exif/Make" value="RICOH IMAGING COMPANY, LTD.  "/>
          <property name="Exif/Model" value="PENTAX K-70        "/>
          <property name="Exif/Orientation" value="1"/>
          <property name="Exif/Software" value="PENTAX K-70 Ver. 1.00        "/>
          <property name="File/ImageHeight" value="4000"/>
          <property name="File/ImageWidth" value="6000"/>
          <property name="System/FileModifyDate" value="2023:11:29 12:26:43"/>
          <property name="System/FileSize" value="8581435"/>
        </meta>
      </photo>
    </camera>
    <camera camera_id="39">
      <photo path="../../../../../../../Desktop/Objects/Object_2/IMGP6737.JPG">
        <meta>
          <property name="Exif/DateTime" value="2023:11:29 12:26:45"/>
          <property name="Exif/DateTimeOriginal" value="2023:11:29 12:26:45"/>
          <property name="Exif/ExposureTime" value="0.01"/>
          <property name="Exif/FNumber" value="5"/>
          <property name="Exif/FocalLength" value="28"/>
          <property name="Exif/FocalLengthIn35mmFilm" value="42"/>
          <property name="Exif/ISOSpeedRatings" value="800"/>
          <property name="Exif/Make" value="RICOH IMAGING COMPANY, LTD.  "/>
          <property name="Exif/Model" value="PENTAX K-70        "/>
          <property name="Exif/Orientation" value="1"/>
          <property name="Exif/Software" value="PENTAX K-70 Ver. 1.00        "/>
          <property name="File/ImageHeight" value="4000"/>
          <property name="File/ImageWidth" value="6000"/>
          <property name="System/FileModifyDate" value="2023:11:29 12:26:46"/>
          <property name="System/FileSize" value="9019543"/>
        </meta>
      </photo>
    </camera>
    <camera camera_id="40">
      <photo path="../../../../../../../Desktop/Objects/Object_2/IMGP6738.JPG">
        <meta>
          <property name="Exif/DateTime" value="2023:11:29 12:26:48"/>
          <property name="Exif/DateTimeOriginal" value="2023:11:29 12:26:48"/>
          <property name="Exif/ExposureTime" value="0.01"/>
          <property name="Exif/FNumber" value="5"/>
          <property name="Exif/FocalLength" value="28"/>
          <property name="Exif/FocalLengthIn35mmFilm" value="42"/>
          <property name="Exif/ISOSpeedRatings" value="800"/>
          <property name="Exif/Make" value="RICOH IMAGING COMPANY, LTD.  "/>
          <property name="Exif/Model" value="PENTAX K-70        "/>
          <property name="Exif/Orientation" value="1"/>
          <property name="Exif/Software" value="PENTAX K-70 Ver. 1.00        "/>
          <property name="File/ImageHeight" value="4000"/>
          <property name="File/ImageWidth" value="6000"/>
          <property name="System/FileModifyDate" value="2023:11:29 12:26:49"/>
          <property name="System/FileSize" value="9340447"/>
        </meta>
      </photo>
    </camera>
    <camera camera_id="41">
      <photo path="../../../../../../../Desktop/Objects/Object_2/IMGP6739.JPG">
        <meta>
          <property name="Exif/DateTime" value="2023:11:29 12:26:52"/>
          <property name="Exif/DateTimeOriginal" value="2023:11:29 12:26:52"/>
          <property name="Exif/ExposureTime" value="0.01"/>
          <property name="Exif/FNumber" value="5"/>
          <property name="Exif/FocalLength" value="28"/>
          <property name="Exif/FocalLengthIn35mmFilm" value="42"/>
          <property name="Exif/ISOSpeedRatings" value="800"/>
          <property name="Exif/Make" value="RICOH IMAGING COMPANY, LTD.  "/>
          <property name="Exif/Model" value="PENTAX K-70        "/>
          <property name="Exif/Orientation" value="1"/>
          <property name="Exif/Software" value="PENTAX K-70 Ver. 1.00        "/>
          <property name="File/ImageHeight" value="4000"/>
          <property name="File/ImageWidth" value="6000"/>
          <property name="System/FileModifyDate" value="2023:11:29 12:26:53"/>
          <property name="System/FileSize" value="8806192"/>
        </meta>
      </photo>
    </camera>
    <camera camera_id="42">
      <photo path="../../../../../../../Desktop/Objects/Object_2/IMGP6740.JPG">
        <meta>
          <property name="Exif/DateTime" value="2023:11:29 12:26:58"/>
          <property name="Exif/DateTimeOriginal" value="2023:11:29 12:26:58"/>
          <property name="Exif/ExposureTime" value="0.01"/>
          <property name="Exif/FNumber" value="5"/>
          <property name="Exif/FocalLength" value="28"/>
          <property name="Exif/FocalLengthIn35mmFilm" value="42"/>
          <property name="Exif/ISOSpeedRatings" value="800"/>
          <property name="Exif/Make" value="RICOH IMAGING COMPANY, LTD.  "/>
          <property name="Exif/Model" value="PENTAX K-70        "/>
          <property name="Exif/Orientation" value="1"/>
          <property name="Exif/Software" value="PENTAX K-70 Ver. 1.00        "/>
          <property name="File/ImageHeight" value="4000"/>
          <property name="File/ImageWidth" value="6000"/>
          <property name="System/FileModifyDate" value="2023:11:29 12:26:58"/>
          <property name="System/FileSize" value="8224674"/>
        </meta>
      </photo>
    </camera>
    <camera camera_id="43">
      <photo path="../../../../../../../Desktop/Objects/Object_2/IMGP6741.JPG">
        <meta>
          <property name="Exif/DateTime" value="2023:11:29 12:27:01"/>
          <property name="Exif/DateTimeOriginal" value="2023:11:29 12:27:01"/>
          <property name="Exif/ExposureTime" value="0.01"/>
          <property name="Exif/FNumber" value="5"/>
          <property name="Exif/FocalLength" value="28"/>
          <property name="Exif/FocalLengthIn35mmFilm" value="42"/>
          <property name="Exif/ISOSpeedRatings" value="800"/>
          <property name="Exif/Make" value="RICOH IMAGING COMPANY, LTD.  "/>
          <property name="Exif/Model" value="PENTAX K-70        "/>
          <property name="Exif/Orientation" value="1"/>
          <property name="Exif/Software" value="PENTAX K-70 Ver. 1.00        "/>
          <property name="File/ImageHeight" value="4000"/>
          <property name="File/ImageWidth" value="6000"/>
          <property name="System/FileModifyDate" value="2023:11:29 12:27:02"/>
          <property name="System/FileSize" value="7948498"/>
        </meta>
      </photo>
    </camera>
    <camera camera_id="44">
      <photo path="../../../../../../../Desktop/Objects/Object_2/IMGP6742.JPG">
        <meta>
          <property name="Exif/DateTime" value="2023:11:29 12:27:05"/>
          <property name="Exif/DateTimeOriginal" value="2023:11:29 12:27:05"/>
          <property name="Exif/ExposureTime" value="0.01"/>
          <property name="Exif/FNumber" value="5"/>
          <property name="Exif/FocalLength" value="18"/>
          <property name="Exif/FocalLengthIn35mmFilm" value="27"/>
          <property name="Exif/ISOSpeedRatings" value="800"/>
          <property name="Exif/Make" value="RICOH IMAGING COMPANY, LTD.  "/>
          <property name="Exif/Model" value="PENTAX K-70        "/>
          <property name="Exif/Orientation" value="1"/>
          <property name="Exif/Software" value="PENTAX K-70 Ver. 1.00        "/>
          <property name="File/ImageHeight" value="4000"/>
          <property name="File/ImageWidth" value="6000"/>
          <property name="System/FileModifyDate" value="2023:11:29 12:27:06"/>
          <property name="System/FileSize" value="8415166"/>
        </meta>
      </photo>
    </camera>
    <camera camera_id="45">
      <photo path="../../../../../../../Desktop/Objects/Object_2/IMGP6743.JPG">
        <meta>
          <property name="Exif/DateTime" value="2023:11:29 12:27:11"/>
          <property name="Exif/DateTimeOriginal" value="2023:11:29 12:27:11"/>
          <property name="Exif/ExposureTime" value="0.01"/>
          <property name="Exif/FNumber" value="5"/>
          <property name="Exif/FocalLength" value="18"/>
          <property name="Exif/FocalLengthIn35mmFilm" value="27"/>
          <property name="Exif/ISOSpeedRatings" value="800"/>
          <property name="Exif/Make" value="RICOH IMAGING COMPANY, LTD.  "/>
          <property name="Exif/Model" value="PENTAX K-70        "/>
          <property name="Exif/Orientation" value="1"/>
          <property name="Exif/Software" value="PENTAX K-70 Ver. 1.00        "/>
          <property name="File/ImageHeight" value="4000"/>
          <property name="File/ImageWidth" value="6000"/>
          <property name="System/FileModifyDate" value="2023:11:29 12:27:12"/>
          <property name="System/FileSize" value="8549567"/>
        </meta>
      </photo>
    </camera>
    <camera camera_id="46">
      <photo path="../../../../../../../Desktop/Objects/Object_2/IMGP6744.JPG">
        <meta>
          <property name="Exif/DateTime" value="2023:11:29 12:27:13"/>
          <property name="Exif/DateTimeOriginal" value="2023:11:29 12:27:13"/>
          <property name="Exif/ExposureTime" value="0.01"/>
          <property name="Exif/FNumber" value="5"/>
          <property name="Exif/FocalLength" value="18"/>
          <property name="Exif/FocalLengthIn35mmFilm" value="27"/>
          <property name="Exif/ISOSpeedRatings" value="800"/>
          <property name="Exif/Make" value="RICOH IMAGING COMPANY, LTD.  "/>
          <property name="Exif/Model" value="PENTAX K-70        "/>
          <property name="Exif/Orientation" value="1"/>
          <property name="Exif/Software" value="PENTAX K-70 Ver. 1.00        "/>
          <property name="File/ImageHeight" value="4000"/>
          <property name="File/ImageWidth" value="6000"/>
          <property name="System/FileModifyDate" value="2023:11:29 12:27:14"/>
          <property name="System/FileSize" value="8578288"/>
        </meta>
      </photo>
    </camera>
    <camera camera_id="47">
      <photo path="../../../../../../../Desktop/Objects/Object_2/IMGP6745.JPG">
        <meta>
          <property name="Exif/DateTime" value="2023:11:29 12:27:21"/>
          <property name="Exif/DateTimeOriginal" value="2023:11:29 12:27:21"/>
          <property name="Exif/ExposureTime" value="0.01"/>
          <property name="Exif/FNumber" value="5"/>
          <property name="Exif/FocalLength" value="18"/>
          <property name="Exif/FocalLengthIn35mmFilm" value="27"/>
          <property name="Exif/ISOSpeedRatings" value="800"/>
          <property name="Exif/Make" value="RICOH IMAGING COMPANY, LTD.  "/>
          <property name="Exif/Model" value="PENTAX K-70        "/>
          <property name="Exif/Orientation" value="1"/>
          <property name="Exif/Software" value="PENTAX K-70 Ver. 1.00        "/>
          <property name="File/ImageHeight" value="4000"/>
          <property name="File/ImageWidth" value="6000"/>
          <property name="System/FileModifyDate" value="2023:11:29 12:27:22"/>
          <property name="System/FileSize" value="9132866"/>
        </meta>
      </photo>
    </camera>
    <camera camera_id="48">
      <photo path="../../../../../../../Desktop/Objects/Object_2/IMGP6746.JPG">
        <meta>
          <property name="Exif/DateTime" value="2023:11:29 12:27:28"/>
          <property name="Exif/DateTimeOriginal" value="2023:11:29 12:27:28"/>
          <property name="Exif/ExposureTime" value="0.01"/>
          <property name="Exif/FNumber" value="5"/>
          <property name="Exif/FocalLength" value="18"/>
          <property name="Exif/FocalLengthIn35mmFilm" value="27"/>
          <property name="Exif/ISOSpeedRatings" value="800"/>
          <property name="Exif/Make" value="RICOH IMAGING COMPANY, LTD.  "/>
          <property name="Exif/Model" value="PENTAX K-70        "/>
          <property name="Exif/Orientation" value="1"/>
          <property name="Exif/Software" value="PENTAX K-70 Ver. 1.00        "/>
          <property name="File/ImageHeight" value="4000"/>
          <property name="File/ImageWidth" value="6000"/>
          <property name="System/FileModifyDate" value="2023:11:29 12:27:28"/>
          <property name="System/FileSize" value="8990678"/>
        </meta>
      </photo>
    </camera>
    <camera camera_id="49">
      <photo path="../../../../../../../Desktop/Objects/Object_2/IMGP6747.JPG">
        <meta>
          <property name="Exif/DateTime" value="2023:11:29 12:27:40"/>
          <property name="Exif/DateTimeOriginal" value="2023:11:29 12:27:40"/>
          <property name="Exif/ExposureTime" value="0.01"/>
          <property name="Exif/FNumber" value="5"/>
          <property name="Exif/FocalLength" value="18"/>
          <property name="Exif/FocalLengthIn35mmFilm" value="27"/>
          <property name="Exif/ISOSpeedRatings" value="800"/>
          <property name="Exif/Make" value="RICOH IMAGING COMPANY, LTD.  "/>
          <property name="Exif/Model" value="PENTAX K-70        "/>
          <property name="Exif/Orientation" value="1"/>
          <property name="Exif/Software" value="PENTAX K-70 Ver. 1.00        "/>
          <property name="File/ImageHeight" value="4000"/>
          <property name="File/ImageWidth" value="6000"/>
          <property name="System/FileModifyDate" value="2023:11:29 12:27:41"/>
          <property name="System/FileSize" value="9480067"/>
        </meta>
      </photo>
    </camera>
    <camera camera_id="50">
      <photo path="../../../../../../../Desktop/Objects/Object_2/IMGP6748.JPG">
        <meta>
          <property name="Exif/DateTime" value="2023:11:29 12:27:52"/>
          <property name="Exif/DateTimeOriginal" value="2023:11:29 12:27:52"/>
          <property name="Exif/ExposureTime" value="0.01"/>
          <property name="Exif/FNumber" value="5"/>
          <property name="Exif/FocalLength" value="18"/>
          <property name="Exif/FocalLengthIn35mmFilm" value="27"/>
          <property name="Exif/ISOSpeedRatings" value="800"/>
          <property name="Exif/Make" value="RICOH IMAGING COMPANY, LTD.  "/>
          <property name="Exif/Model" value="PENTAX K-70        "/>
          <property name="Exif/Orientation" value="1"/>
          <property name="Exif/Software" value="PENTAX K-70 Ver. 1.00        "/>
          <property name="File/ImageHeight" value="4000"/>
          <property name="File/ImageWidth" value="6000"/>
          <property name="System/FileModifyDate" value="2023:11:29 12:27:53"/>
          <property name="System/FileSize" value="7826250"/>
        </meta>
      </photo>
    </camera>
    <camera camera_id="51">
      <photo path="../../../../../../../Desktop/Objects/Object_2/IMGP6749.JPG">
        <meta>
          <property name="Exif/DateTime" value="2023:11:29 12:28:00"/>
          <property name="Exif/DateTimeOriginal" value="2023:11:29 12:28:00"/>
          <property name="Exif/ExposureTime" value="0.01"/>
          <property name="Exif/FNumber" value="5"/>
          <property name="Exif/FocalLength" value="18"/>
          <property name="Exif/FocalLengthIn35mmFilm" value="27"/>
          <property name="Exif/ISOSpeedRatings" value="800"/>
          <property name="Exif/Make" value="RICOH IMAGING COMPANY, LTD.  "/>
          <property name="Exif/Model" value="PENTAX K-70        "/>
          <property name="Exif/Orientation" value="1"/>
          <property name="Exif/Software" value="PENTAX K-70 Ver. 1.00        "/>
          <property name="File/ImageHeight" value="4000"/>
          <property name="File/ImageWidth" value="6000"/>
          <property name="System/FileModifyDate" value="2023:11:29 12:28:01"/>
          <property name="System/FileSize" value="7839170"/>
        </meta>
      </photo>
    </camera>
    <camera camera_id="52">
      <photo path="../../../../../../../Desktop/Objects/Object_2/IMGP6750.JPG">
        <meta>
          <property name="Exif/DateTime" value="2023:11:29 12:28:06"/>
          <property name="Exif/DateTimeOriginal" value="2023:11:29 12:28:06"/>
          <property name="Exif/ExposureTime" value="0.01"/>
          <property name="Exif/FNumber" value="5"/>
          <property name="Exif/FocalLength" value="18"/>
          <property name="Exif/FocalLengthIn35mmFilm" value="27"/>
          <property name="Exif/ISOSpeedRatings" value="800"/>
          <property name="Exif/Make" value="RICOH IMAGING COMPANY, LTD.  "/>
          <property name="Exif/Model" value="PENTAX K-70        "/>
          <property name="Exif/Orientation" value="1"/>
          <property name="Exif/Software" value="PENTAX K-70 Ver. 1.00        "/>
          <property name="File/ImageHeight" value="4000"/>
          <property name="File/ImageWidth" value="6000"/>
          <property name="System/FileModifyDate" value="2023:11:29 12:28:07"/>
          <property name="System/FileSize" value="7870627"/>
        </meta>
      </photo>
    </camera>
    <camera camera_id="53">
      <photo path="../../../../../../../Desktop/Objects/Object_2/IMGP6751.JPG">
        <meta>
          <property name="Exif/DateTime" value="2023:11:29 12:28:17"/>
          <property name="Exif/DateTimeOriginal" value="2023:11:29 12:28:17"/>
          <property name="Exif/ExposureTime" value="0.01"/>
          <property name="Exif/FNumber" value="5"/>
          <property name="Exif/FocalLength" value="18"/>
          <property name="Exif/FocalLengthIn35mmFilm" value="27"/>
          <property name="Exif/ISOSpeedRatings" value="800"/>
          <property name="Exif/Make" value="RICOH IMAGING COMPANY, LTD.  "/>
          <property name="Exif/Model" value="PENTAX K-70        "/>
          <property name="Exif/Orientation" value="1"/>
          <property name="Exif/Software" value="PENTAX K-70 Ver. 1.00        "/>
          <property name="File/ImageHeight" value="4000"/>
          <property name="File/ImageWidth" value="6000"/>
          <property name="System/FileModifyDate" value="2023:11:29 12:28:18"/>
          <property name="System/FileSize" value="7823884"/>
        </meta>
      </photo>
    </camera>
    <camera camera_id="54">
      <photo path="../../../../../../../Desktop/Objects/Object_2/IMGP6752.JPG">
        <meta>
          <property name="Exif/DateTime" value="2023:11:29 12:28:26"/>
          <property name="Exif/DateTimeOriginal" value="2023:11:29 12:28:26"/>
          <property name="Exif/ExposureTime" value="0.01"/>
          <property name="Exif/FNumber" value="5"/>
          <property name="Exif/FocalLength" value="18"/>
          <property name="Exif/FocalLengthIn35mmFilm" value="27"/>
          <property name="Exif/ISOSpeedRatings" value="800"/>
          <property name="Exif/Make" value="RICOH IMAGING COMPANY, LTD.  "/>
          <property name="Exif/Model" value="PENTAX K-70        "/>
          <property name="Exif/Orientation" value="1"/>
          <property name="Exif/Software" value="PENTAX K-70 Ver. 1.00        "/>
          <property name="File/ImageHeight" value="4000"/>
          <property name="File/ImageWidth" value="6000"/>
          <property name="System/FileModifyDate" value="2023:11:29 12:28:26"/>
          <property name="System/FileSize" value="8093529"/>
        </meta>
      </photo>
    </camera>
    <camera camera_id="55">
      <photo path="../../../../../../../Desktop/Objects/Object_2/IMGP6753.JPG">
        <meta>
          <property name="Exif/DateTime" value="2023:11:29 12:28:34"/>
          <property name="Exif/DateTimeOriginal" value="2023:11:29 12:28:34"/>
          <property name="Exif/ExposureTime" value="0.01"/>
          <property name="Exif/FNumber" value="5"/>
          <property name="Exif/FocalLength" value="18"/>
          <property name="Exif/FocalLengthIn35mmFilm" value="27"/>
          <property name="Exif/ISOSpeedRatings" value="800"/>
          <property name="Exif/Make" value="RICOH IMAGING COMPANY, LTD.  "/>
          <property name="Exif/Model" value="PENTAX K-70        "/>
          <property name="Exif/Orientation" value="1"/>
          <property name="Exif/Software" value="PENTAX K-70 Ver. 1.00        "/>
          <property name="File/ImageHeight" value="4000"/>
          <property name="File/ImageWidth" value="6000"/>
          <property name="System/FileModifyDate" value="2023:11:29 12:28:35"/>
          <property name="System/FileSize" value="7942931"/>
        </meta>
      </photo>
    </camera>
    <camera camera_id="56">
      <photo path="../../../../../../../Desktop/Objects/Object_2/IMGP6754.JPG">
        <meta>
          <property name="Exif/DateTime" value="2023:11:29 12:28:50"/>
          <property name="Exif/DateTimeOriginal" value="2023:11:29 12:28:50"/>
          <property name="Exif/ExposureTime" value="0.01"/>
          <property name="Exif/FNumber" value="5"/>
          <property name="Exif/FocalLength" value="36"/>
          <property name="Exif/FocalLengthIn35mmFilm" value="54"/>
          <property name="Exif/ISOSpeedRatings" value="800"/>
          <property name="Exif/Make" value="RICOH IMAGING COMPANY, LTD.  "/>
          <property name="Exif/Model" value="PENTAX K-70        "/>
          <property name="Exif/Orientation" value="1"/>
          <property name="Exif/Software" value="PENTAX K-70 Ver. 1.00        "/>
          <property name="File/ImageHeight" value="4000"/>
          <property name="File/ImageWidth" value="6000"/>
          <property name="System/FileModifyDate" value="2023:11:29 12:28:51"/>
          <property name="System/FileSize" value="8334046"/>
        </meta>
      </photo>
    </camera>
    <camera camera_id="57">
      <photo path="../../../../../../../Desktop/Objects/Object_2/IMGP6755.JPG">
        <meta>
          <property name="Exif/DateTime" value="2023:11:29 12:29:05"/>
          <property name="Exif/DateTimeOriginal" value="2023:11:29 12:29:05"/>
          <property name="Exif/ExposureTime" value="0.01"/>
          <property name="Exif/FNumber" value="5"/>
          <property name="Exif/FocalLength" value="18"/>
          <property name="Exif/FocalLengthIn35mmFilm" value="27"/>
          <property name="Exif/ISOSpeedRatings" value="800"/>
          <property name="Exif/Make" value="RICOH IMAGING COMPANY, LTD.  "/>
          <property name="Exif/Model" value="PENTAX K-70        "/>
          <property name="Exif/Orientation" value="1"/>
          <property name="Exif/Software" value="PENTAX K-70 Ver. 1.00        "/>
          <property name="File/ImageHeight" value="4000"/>
          <property name="File/ImageWidth" value="6000"/>
          <property name="System/FileModifyDate" value="2023:11:29 12:29:06"/>
          <property name="System/FileSize" value="7978465"/>
        </meta>
      </photo>
    </camera>
    <camera camera_id="58">
      <photo path="../../../../../../../Desktop/Objects/Object_2/IMGP6756.JPG">
        <meta>
          <property name="Exif/DateTime" value="2023:11:29 12:29:10"/>
          <property name="Exif/DateTimeOriginal" value="2023:11:29 12:29:10"/>
          <property name="Exif/ExposureTime" value="0.01"/>
          <property name="Exif/FNumber" value="5"/>
          <property name="Exif/FocalLength" value="18"/>
          <property name="Exif/FocalLengthIn35mmFilm" value="27"/>
          <property name="Exif/ISOSpeedRatings" value="800"/>
          <property name="Exif/Make" value="RICOH IMAGING COMPANY, LTD.  "/>
          <property name="Exif/Model" value="PENTAX K-70        "/>
          <property name="Exif/Orientation" value="1"/>
          <property name="Exif/Software" value="PENTAX K-70 Ver. 1.00        "/>
          <property name="File/ImageHeight" value="4000"/>
          <property name="File/ImageWidth" value="6000"/>
          <property name="System/FileModifyDate" value="2023:11:29 12:29:11"/>
          <property name="System/FileSize" value="8314732"/>
        </meta>
      </photo>
    </camera>
    <camera camera_id="59">
      <photo path="../../../../../../../Desktop/Objects/Object_2/IMGP6757.JPG">
        <meta>
          <property name="Exif/DateTime" value="2023:11:29 12:29:15"/>
          <property name="Exif/DateTimeOriginal" value="2023:11:29 12:29:15"/>
          <property name="Exif/ExposureTime" value="0.01"/>
          <property name="Exif/FNumber" value="5"/>
          <property name="Exif/FocalLength" value="18"/>
          <property name="Exif/FocalLengthIn35mmFilm" value="27"/>
          <property name="Exif/ISOSpeedRatings" value="800"/>
          <property name="Exif/Make" value="RICOH IMAGING COMPANY, LTD.  "/>
          <property name="Exif/Model" value="PENTAX K-70        "/>
          <property name="Exif/Orientation" value="1"/>
          <property name="Exif/Software" value="PENTAX K-70 Ver. 1.00        "/>
          <property name="File/ImageHeight" value="4000"/>
          <property name="File/ImageWidth" value="6000"/>
          <property name="System/FileModifyDate" value="2023:11:29 12:29:16"/>
          <property name="System/FileSize" value="8934682"/>
        </meta>
      </photo>
    </camera>
    <camera camera_id="60">
      <photo path="../../../../../../../Desktop/Objects/Object_2/IMGP6759.JPG">
        <meta>
          <property name="Exif/DateTime" value="2023:11:29 12:29:40"/>
          <property name="Exif/DateTimeOriginal" value="2023:11:29 12:29:40"/>
          <property name="Exif/ExposureTime" value="0.01"/>
          <property name="Exif/FNumber" value="5"/>
          <property name="Exif/FocalLength" value="24"/>
          <property name="Exif/FocalLengthIn35mmFilm" value="36"/>
          <property name="Exif/ISOSpeedRatings" value="800"/>
          <property name="Exif/Make" value="RICOH IMAGING COMPANY, LTD.  "/>
          <property name="Exif/Model" value="PENTAX K-70        "/>
          <property name="Exif/Orientation" value="1"/>
          <property name="Exif/Software" value="PENTAX K-70 Ver. 1.00        "/>
          <property name="File/ImageHeight" value="4000"/>
          <property name="File/ImageWidth" value="6000"/>
          <property name="System/FileModifyDate" value="2023:11:29 12:29:41"/>
          <property name="System/FileSize" value="9073000"/>
        </meta>
      </photo>
    </camera>
  </cameras>
  <thumbnails path="thumbnails/thumbnails.zip"/>
  <point_cloud path="point_cloud/point_cloud.zip"/>
  <depth_maps id="0" path="depth_maps/depth_maps.zip"/>
  <model id="0" path="model/model.zip"/>
</frame>
