<?xml version="1.0" encoding="UTF-8"?>
<point_cloud version="1.2.0">
  <params>
    <dataType>uint8</dataType>
    <bands>
      <band label="Red"/>
      <band label="Green"/>
      <band label="Blue"/>
    </bands>
  </params>
  <tracks path="tracks.ply" count="31423"/>
  <points component_id="0" path="points0.ply" count="16758"/>
  <projections camera_id="0" path="p0.ply" count="1366"/>
  <projections camera_id="1" path="p1.ply" count="999"/>
  <projections camera_id="2" path="p2.ply" count="1133"/>
  <projections camera_id="3" path="p3.ply" count="1296"/>
  <projections camera_id="4" path="p4.ply" count="1018"/>
  <projections camera_id="5" path="p5.ply" count="953"/>
  <projections camera_id="6" path="p6.ply" count="1146"/>
  <projections camera_id="7" path="p7.ply" count="1037"/>
  <projections camera_id="8" path="p8.ply" count="906"/>
  <projections camera_id="9" path="p9.ply" count="932"/>
  <projections camera_id="10" path="p10.ply" count="1166"/>
  <projections camera_id="11" path="p11.ply" count="1285"/>
  <projections camera_id="12" path="p12.ply" count="1207"/>
  <projections camera_id="13" path="p13.ply" count="1274"/>
  <projections camera_id="14" path="p14.ply" count="1309"/>
  <projections camera_id="15" path="p15.ply" count="1370"/>
  <projections camera_id="16" path="p16.ply" count="1405"/>
  <projections camera_id="17" path="p17.ply" count="1545"/>
  <projections camera_id="18" path="p18.ply" count="1494"/>
  <projections camera_id="19" path="p19.ply" count="1541"/>
  <projections camera_id="20" path="p20.ply" count="1417"/>
  <projections camera_id="21" path="p21.ply" count="1335"/>
  <projections camera_id="22" path="p22.ply" count="1569"/>
  <projections camera_id="23" path="p23.ply" count="1472"/>
  <projections camera_id="24" path="p24.ply" count="1447"/>
  <projections camera_id="25" path="p25.ply" count="1627"/>
  <projections camera_id="26" path="p26.ply" count="1487"/>
  <projections camera_id="27" path="p27.ply" count="1174"/>
  <projections camera_id="28" path="p28.ply" count="1096"/>
  <projections camera_id="29" path="p29.ply" count="1364"/>
  <projections camera_id="30" path="p30.ply" count="1031"/>
  <projections camera_id="31" path="p31.ply" count="1164"/>
  <projections camera_id="32" path="p32.ply" count="1430"/>
  <projections camera_id="33" path="p33.ply" count="1613"/>
  <projections camera_id="34" path="p34.ply" count="1251"/>
  <projections camera_id="35" path="p35.ply" count="949"/>
  <projections camera_id="36" path="p36.ply" count="977"/>
  <projections camera_id="37" path="p37.ply" count="983"/>
  <projections camera_id="38" path="p38.ply" count="1003"/>
  <projections camera_id="39" path="p39.ply" count="1068"/>
  <projections camera_id="40" path="p40.ply" count="997"/>
  <projections camera_id="41" path="p41.ply" count="1103"/>
  <projections camera_id="42" path="p42.ply" count="1016"/>
  <projections camera_id="43" path="p43.ply" count="1021"/>
  <projections camera_id="44" path="p44.ply" count="864"/>
  <projections camera_id="45" path="p45.ply" count="981"/>
  <projections camera_id="46" path="p46.ply" count="941"/>
  <projections camera_id="47" path="p47.ply" count="623"/>
  <projections camera_id="48" path="p48.ply" count="707"/>
  <projections camera_id="49" path="p49.ply" count="1153"/>
  <projections camera_id="50" path="p50.ply" count="1371"/>
  <projections camera_id="51" path="p51.ply" count="1435"/>
  <projections camera_id="52" path="p52.ply" count="1245"/>
  <projections camera_id="53" path="p53.ply" count="614"/>
  <projections camera_id="54" path="p54.ply" count="733"/>
  <projections camera_id="55" path="p55.ply" count="667"/>
  <projections camera_id="56" path="p56.ply" count="527"/>
  <projections camera_id="57" path="p57.ply" count="855"/>
  <projections camera_id="58" path="p58.ply" count="1009"/>
  <projections camera_id="59" path="p59.ply" count="1549"/>
  <projections camera_id="60" path="p60.ply" count="1357"/>
  <projections camera_id="61" path="p61.ply" count="1294"/>
  <projections camera_id="62" path="p62.ply" count="1321"/>
  <projections camera_id="63" path="p63.ply" count="1288"/>
  <projections camera_id="64" path="p64.ply" count="1473"/>
  <projections camera_id="65" path="p65.ply" count="1177"/>
  <projections camera_id="66" path="p66.ply" count="1233"/>
  <projections camera_id="67" path="p67.ply" count="1001"/>
  <projections camera_id="68" path="p68.ply" count="1030"/>
  <projections camera_id="69" path="p69.ply" count="738"/>
  <projections camera_id="70" path="p70.ply" count="483"/>
  <projections camera_id="71" path="p71.ply" count="782"/>
  <projections camera_id="72" path="p72.ply" count="804"/>
  <projections camera_id="73" path="p73.ply" count="1172"/>
  <projections camera_id="74" path="p74.ply" count="1070"/>
  <projections camera_id="75" path="p75.ply" count="1386"/>
  <projections camera_id="76" path="p76.ply" count="1091"/>
  <projections camera_id="77" path="p77.ply" count="1467"/>
  <projections camera_id="78" path="p78.ply" count="1208"/>
  <projections camera_id="79" path="p79.ply" count="1347"/>
  <projections camera_id="80" path="p80.ply" count="2018"/>
  <projections camera_id="81" path="p81.ply" count="1318"/>
  <projections camera_id="82" path="p82.ply" count="1195"/>
  <projections camera_id="83" path="p83.ply" count="1265"/>
  <projections camera_id="84" path="p84.ply" count="1190"/>
  <projections camera_id="85" path="p85.ply" count="1221"/>
  <projections camera_id="86" path="p86.ply" count="1862"/>
  <projections camera_id="87" path="p87.ply" count="1417"/>
  <projections camera_id="88" path="p88.ply" count="1257"/>
  <projections camera_id="89" path="p89.ply" count="1266"/>
  <projections camera_id="90" path="p90.ply" count="1027"/>
  <projections camera_id="91" path="p91.ply" count="871"/>
  <projections camera_id="92" path="p92.ply" count="813"/>
  <projections camera_id="93" path="p93.ply" count="1762"/>
  <projections camera_id="94" path="p94.ply" count="1573"/>
  <projections camera_id="95" path="p95.ply" count="1404"/>
  <projections camera_id="96" path="p96.ply" count="893"/>
  <meta>
    <property name="Info/LastSavedDateTime" value="2023:11:01 04:10:02"/>
    <property name="Info/LastSavedSoftwareVersion" value="2.0.3.16960"/>
    <property name="Info/OriginalDateTime" value="2023:11:01 03:54:15"/>
    <property name="Info/OriginalSoftwareVersion" value="2.0.3.16960"/>
    <property name="MatchPhotos/cameras" value=""/>
    <property name="MatchPhotos/descriptor_type" value="binary"/>
    <property name="MatchPhotos/descriptor_version" value="1.1.0"/>
    <property name="MatchPhotos/downscale" value="2"/>
    <property name="MatchPhotos/duration" value="14.636892"/>
    <property name="MatchPhotos/filter_stationary_points" value="true"/>
    <property name="MatchPhotos/generic_preselection" value="true"/>
    <property name="MatchPhotos/guided_matching" value="false"/>
    <property name="MatchPhotos/keep_keypoints" value="false"/>
    <property name="MatchPhotos/keypoint_limit" value="40000"/>
    <property name="MatchPhotos/keypoint_limit_per_mpx" value="1000"/>
    <property name="MatchPhotos/max_workgroup_size" value="100"/>
    <property name="MatchPhotos/ram_used" value="196804608"/>
    <property name="MatchPhotos/reference_preselection" value="false"/>
    <property name="MatchPhotos/reference_preselection_mode" value="1"/>
    <property name="MatchPhotos/reset_matches" value="false"/>
    <property name="MatchPhotos/subdivide_task" value="true"/>
    <property name="MatchPhotos/tiepoint_limit" value="4000"/>
    <property name="MatchPhotos/workitem_size_cameras" value="20"/>
    <property name="MatchPhotos/workitem_size_pairs" value="80"/>
  </meta>
</point_cloud>
