<?xml version="1.0" encoding="UTF-8"?>
<frame version="1.2.0">
  <cameras>
    <camera camera_id="0">
      <photo path="../../../../../../../Downloads/Cycladic female figure (low)/IMG_1319.JPG">
        <meta>
          <property name="Exif/ApertureValue" value="2.27501"/>
          <property name="Exif/DateTime" value="2016:02:01 16:09:03"/>
          <property name="Exif/DateTimeOriginal" value="2016:02:01 16:09:03"/>
          <property name="Exif/ExposureTime" value="0.0333333"/>
          <property name="Exif/FNumber" value="2.2"/>
          <property name="Exif/FocalLength" value="4.15"/>
          <property name="Exif/FocalLengthIn35mmFilm" value="29"/>
          <property name="Exif/GPSAltitude" value="24"/>
          <property name="Exif/GPSDate" value="2016:02:01"/>
          <property name="Exif/GPSImgDirection" value="312.607843137255"/>
          <property name="Exif/GPSLatitude" value="40.7787638888889"/>
          <property name="Exif/GPSLongitude" value="-73.9625638888889"/>
          <property name="Exif/GPSTime" value="21:08:58"/>
          <property name="Exif/ISOSpeedRatings" value="80"/>
          <property name="Exif/LensMake" value="Apple"/>
          <property name="Exif/LensModel" value="iPhone 6 back camera 4.15mm f/2.2"/>
          <property name="Exif/Make" value="Apple"/>
          <property name="Exif/Model" value="iPhone 6"/>
          <property name="Exif/Orientation" value="6"/>
          <property name="Exif/ShutterSpeedValue" value="4.90764"/>
          <property name="Exif/Software" value="9.2.1"/>
          <property name="File/ImageHeight" value="2448"/>
          <property name="File/ImageWidth" value="3264"/>
          <property name="System/FileModifyDate" value="2016:02:01 14:43:24"/>
          <property name="System/FileSize" value="1705684"/>
        </meta>
      </photo>
    </camera>
    <camera camera_id="1">
      <photo path="../../../../../../../Downloads/Cycladic female figure (low)/IMG_1320.JPG">
        <meta>
          <property name="Exif/ApertureValue" value="2.27501"/>
          <property name="Exif/DateTime" value="2016:02:01 16:09:08"/>
          <property name="Exif/DateTimeOriginal" value="2016:02:01 16:09:08"/>
          <property name="Exif/ExposureTime" value="0.0333333"/>
          <property name="Exif/FNumber" value="2.2"/>
          <property name="Exif/FocalLength" value="4.15"/>
          <property name="Exif/FocalLengthIn35mmFilm" value="29"/>
          <property name="Exif/GPSDate" value="2016:02:01"/>
          <property name="Exif/GPSImgDirection" value="286.642156862745"/>
          <property name="Exif/GPSLatitude" value="40.7788972222222"/>
          <property name="Exif/GPSLongitude" value="-73.963075"/>
          <property name="Exif/GPSTime" value="21:09:07"/>
          <property name="Exif/ISOSpeedRatings" value="80"/>
          <property name="Exif/LensMake" value="Apple"/>
          <property name="Exif/LensModel" value="iPhone 6 back camera 4.15mm f/2.2"/>
          <property name="Exif/Make" value="Apple"/>
          <property name="Exif/Model" value="iPhone 6"/>
          <property name="Exif/Orientation" value="6"/>
          <property name="Exif/ShutterSpeedValue" value="4.90764"/>
          <property name="Exif/Software" value="9.2.1"/>
          <property name="File/ImageHeight" value="2448"/>
          <property name="File/ImageWidth" value="3264"/>
          <property name="System/FileModifyDate" value="2016:02:01 14:45:08"/>
          <property name="System/FileSize" value="1806019"/>
        </meta>
      </photo>
    </camera>
    <camera camera_id="2">
      <photo path="../../../../../../../Downloads/Cycladic female figure (low)/IMG_1321.JPG">
        <meta>
          <property name="Exif/ApertureValue" value="2.27501"/>
          <property name="Exif/DateTime" value="2016:02:01 16:09:11"/>
          <property name="Exif/DateTimeOriginal" value="2016:02:01 16:09:11"/>
          <property name="Exif/ExposureTime" value="0.0333333"/>
          <property name="Exif/FNumber" value="2.2"/>
          <property name="Exif/FocalLength" value="4.15"/>
          <property name="Exif/FocalLengthIn35mmFilm" value="29"/>
          <property name="Exif/GPSDate" value="2016:02:01"/>
          <property name="Exif/GPSImgDirection" value="255.109022556391"/>
          <property name="Exif/GPSLatitude" value="40.7789"/>
          <property name="Exif/GPSLongitude" value="-73.9630666666667"/>
          <property name="Exif/GPSTime" value="21:09:10"/>
          <property name="Exif/ISOSpeedRatings" value="80"/>
          <property name="Exif/LensMake" value="Apple"/>
          <property name="Exif/LensModel" value="iPhone 6 back camera 4.15mm f/2.2"/>
          <property name="Exif/Make" value="Apple"/>
          <property name="Exif/Model" value="iPhone 6"/>
          <property name="Exif/Orientation" value="6"/>
          <property name="Exif/ShutterSpeedValue" value="4.90764"/>
          <property name="Exif/Software" value="9.2.1"/>
          <property name="File/ImageHeight" value="2448"/>
          <property name="File/ImageWidth" value="3264"/>
          <property name="System/FileModifyDate" value="2016:02:01 14:43:46"/>
          <property name="System/FileSize" value="1733640"/>
        </meta>
      </photo>
    </camera>
    <camera camera_id="3">
      <photo path="../../../../../../../Downloads/Cycladic female figure (low)/IMG_1322.JPG">
        <meta>
          <property name="Exif/ApertureValue" value="2.27501"/>
          <property name="Exif/DateTime" value="2016:02:01 16:09:12"/>
          <property name="Exif/DateTimeOriginal" value="2016:02:01 16:09:12"/>
          <property name="Exif/ExposureTime" value="0.0333333"/>
          <property name="Exif/FNumber" value="2.2"/>
          <property name="Exif/FocalLength" value="4.15"/>
          <property name="Exif/FocalLengthIn35mmFilm" value="29"/>
          <property name="Exif/GPSDate" value="2016:02:01"/>
          <property name="Exif/GPSImgDirection" value="266.080536912752"/>
          <property name="Exif/GPSLatitude" value="40.7789"/>
          <property name="Exif/GPSLongitude" value="-73.963075"/>
          <property name="Exif/GPSTime" value="21:09:11"/>
          <property name="Exif/ISOSpeedRatings" value="80"/>
          <property name="Exif/LensMake" value="Apple"/>
          <property name="Exif/LensModel" value="iPhone 6 back camera 4.15mm f/2.2"/>
          <property name="Exif/Make" value="Apple"/>
          <property name="Exif/Model" value="iPhone 6"/>
          <property name="Exif/Orientation" value="6"/>
          <property name="Exif/ShutterSpeedValue" value="4.90764"/>
          <property name="Exif/Software" value="9.2.1"/>
          <property name="File/ImageHeight" value="2448"/>
          <property name="File/ImageWidth" value="3264"/>
          <property name="System/FileModifyDate" value="2016:02:01 14:45:42"/>
          <property name="System/FileSize" value="1839341"/>
        </meta>
      </photo>
    </camera>
    <camera camera_id="4">
      <photo path="../../../../../../../Downloads/Cycladic female figure (low)/IMG_1323.JPG">
        <meta>
          <property name="Exif/ApertureValue" value="2.27501"/>
          <property name="Exif/DateTime" value="2016:02:01 16:09:15"/>
          <property name="Exif/DateTimeOriginal" value="2016:02:01 16:09:15"/>
          <property name="Exif/ExposureTime" value="0.0333333"/>
          <property name="Exif/FNumber" value="2.2"/>
          <property name="Exif/FocalLength" value="4.15"/>
          <property name="Exif/FocalLengthIn35mmFilm" value="29"/>
          <property name="Exif/GPSDate" value="2016:02:01"/>
          <property name="Exif/GPSImgDirection" value="286.299363057325"/>
          <property name="Exif/GPSLatitude" value="40.7789"/>
          <property name="Exif/GPSLongitude" value="-73.9630666666667"/>
          <property name="Exif/GPSTime" value="21:09:14"/>
          <property name="Exif/ISOSpeedRatings" value="64"/>
          <property name="Exif/LensMake" value="Apple"/>
          <property name="Exif/LensModel" value="iPhone 6 back camera 4.15mm f/2.2"/>
          <property name="Exif/Make" value="Apple"/>
          <property name="Exif/Model" value="iPhone 6"/>
          <property name="Exif/Orientation" value="6"/>
          <property name="Exif/ShutterSpeedValue" value="4.90764"/>
          <property name="Exif/Software" value="9.2.1"/>
          <property name="File/ImageHeight" value="2448"/>
          <property name="File/ImageWidth" value="3264"/>
          <property name="System/FileModifyDate" value="2016:02:01 14:45:56"/>
          <property name="System/FileSize" value="1904047"/>
        </meta>
      </photo>
    </camera>
    <camera camera_id="5">
      <photo path="../../../../../../../Downloads/Cycladic female figure (low)/IMG_1324.JPG">
        <meta>
          <property name="Exif/ApertureValue" value="2.27501"/>
          <property name="Exif/DateTime" value="2016:02:01 16:09:18"/>
          <property name="Exif/DateTimeOriginal" value="2016:02:01 16:09:18"/>
          <property name="Exif/ExposureTime" value="0.0333333"/>
          <property name="Exif/FNumber" value="2.2"/>
          <property name="Exif/FocalLength" value="4.15"/>
          <property name="Exif/FocalLengthIn35mmFilm" value="29"/>
          <property name="Exif/GPSDate" value="2016:02:01"/>
          <property name="Exif/GPSImgDirection" value="322.575949367089"/>
          <property name="Exif/GPSLatitude" value="40.7789"/>
          <property name="Exif/GPSLongitude" value="-73.9630666666667"/>
          <property name="Exif/GPSTime" value="21:09:17"/>
          <property name="Exif/ISOSpeedRatings" value="80"/>
          <property name="Exif/LensMake" value="Apple"/>
          <property name="Exif/LensModel" value="iPhone 6 back camera 4.15mm f/2.2"/>
          <property name="Exif/Make" value="Apple"/>
          <property name="Exif/Model" value="iPhone 6"/>
          <property name="Exif/Orientation" value="6"/>
          <property name="Exif/ShutterSpeedValue" value="4.90764"/>
          <property name="Exif/Software" value="9.2.1"/>
          <property name="File/ImageHeight" value="2448"/>
          <property name="File/ImageWidth" value="3264"/>
          <property name="System/FileModifyDate" value="2016:02:01 14:45:44"/>
          <property name="System/FileSize" value="1843329"/>
        </meta>
      </photo>
    </camera>
    <camera camera_id="6">
      <photo path="../../../../../../../Downloads/Cycladic female figure (low)/IMG_1325.JPG">
        <meta>
          <property name="Exif/ApertureValue" value="2.27501"/>
          <property name="Exif/DateTime" value="2016:02:01 16:09:23"/>
          <property name="Exif/DateTimeOriginal" value="2016:02:01 16:09:23"/>
          <property name="Exif/ExposureTime" value="0.0333333"/>
          <property name="Exif/FNumber" value="2.2"/>
          <property name="Exif/FocalLength" value="4.15"/>
          <property name="Exif/FocalLengthIn35mmFilm" value="29"/>
          <property name="Exif/GPSDate" value="2016:02:01"/>
          <property name="Exif/GPSImgDirection" value="321.909365558912"/>
          <property name="Exif/GPSLatitude" value="40.7789027777778"/>
          <property name="Exif/GPSLongitude" value="-73.963075"/>
          <property name="Exif/GPSTime" value="21:09:22"/>
          <property name="Exif/ISOSpeedRatings" value="80"/>
          <property name="Exif/LensMake" value="Apple"/>
          <property name="Exif/LensModel" value="iPhone 6 back camera 4.15mm f/2.2"/>
          <property name="Exif/Make" value="Apple"/>
          <property name="Exif/Model" value="iPhone 6"/>
          <property name="Exif/Orientation" value="6"/>
          <property name="Exif/ShutterSpeedValue" value="4.90764"/>
          <property name="Exif/Software" value="9.2.1"/>
          <property name="File/ImageHeight" value="2448"/>
          <property name="File/ImageWidth" value="3264"/>
          <property name="System/FileModifyDate" value="2016:02:01 14:46:32"/>
          <property name="System/FileSize" value="2050680"/>
        </meta>
      </photo>
    </camera>
    <camera camera_id="7">
      <photo path="../../../../../../../Downloads/Cycladic female figure (low)/IMG_1326.JPG">
        <meta>
          <property name="Exif/ApertureValue" value="2.27501"/>
          <property name="Exif/DateTime" value="2016:02:01 16:09:26"/>
          <property name="Exif/DateTimeOriginal" value="2016:02:01 16:09:26"/>
          <property name="Exif/ExposureTime" value="0.0333333"/>
          <property name="Exif/FNumber" value="2.2"/>
          <property name="Exif/FocalLength" value="4.15"/>
          <property name="Exif/FocalLengthIn35mmFilm" value="29"/>
          <property name="Exif/GPSDate" value="2016:02:01"/>
          <property name="Exif/GPSImgDirection" value="314.269662921348"/>
          <property name="Exif/GPSLatitude" value="40.7789027777778"/>
          <property name="Exif/GPSLongitude" value="-73.963075"/>
          <property name="Exif/GPSTime" value="21:09:25"/>
          <property name="Exif/ISOSpeedRatings" value="80"/>
          <property name="Exif/LensMake" value="Apple"/>
          <property name="Exif/LensModel" value="iPhone 6 back camera 4.15mm f/2.2"/>
          <property name="Exif/Make" value="Apple"/>
          <property name="Exif/Model" value="iPhone 6"/>
          <property name="Exif/Orientation" value="6"/>
          <property name="Exif/ShutterSpeedValue" value="4.90764"/>
          <property name="Exif/Software" value="9.2.1"/>
          <property name="File/ImageHeight" value="2448"/>
          <property name="File/ImageWidth" value="3264"/>
          <property name="System/FileModifyDate" value="2016:02:01 14:46:26"/>
          <property name="System/FileSize" value="2022725"/>
        </meta>
      </photo>
    </camera>
    <camera camera_id="8">
      <photo path="../../../../../../../Downloads/Cycladic female figure (low)/IMG_1327.JPG">
        <meta>
          <property name="Exif/ApertureValue" value="2.27501"/>
          <property name="Exif/DateTime" value="2016:02:01 16:09:28"/>
          <property name="Exif/DateTimeOriginal" value="2016:02:01 16:09:28"/>
          <property name="Exif/ExposureTime" value="0.0333333"/>
          <property name="Exif/FNumber" value="2.2"/>
          <property name="Exif/FocalLength" value="4.15"/>
          <property name="Exif/FocalLengthIn35mmFilm" value="29"/>
          <property name="Exif/GPSDate" value="2016:02:01"/>
          <property name="Exif/GPSImgDirection" value="284.729064039409"/>
          <property name="Exif/GPSLatitude" value="40.7789027777778"/>
          <property name="Exif/GPSLongitude" value="-73.963075"/>
          <property name="Exif/GPSTime" value="21:09:27"/>
          <property name="Exif/ISOSpeedRatings" value="80"/>
          <property name="Exif/LensMake" value="Apple"/>
          <property name="Exif/LensModel" value="iPhone 6 back camera 4.15mm f/2.2"/>
          <property name="Exif/Make" value="Apple"/>
          <property name="Exif/Model" value="iPhone 6"/>
          <property name="Exif/Orientation" value="6"/>
          <property name="Exif/ShutterSpeedValue" value="4.90764"/>
          <property name="Exif/Software" value="9.2.1"/>
          <property name="File/ImageHeight" value="2448"/>
          <property name="File/ImageWidth" value="3264"/>
          <property name="System/FileModifyDate" value="2016:02:01 14:43:48"/>
          <property name="System/FileSize" value="1735175"/>
        </meta>
      </photo>
    </camera>
    <camera camera_id="9">
      <photo path="../../../../../../../Downloads/Cycladic female figure (low)/IMG_1328.JPG">
        <meta>
          <property name="Exif/ApertureValue" value="2.27501"/>
          <property name="Exif/DateTime" value="2016:02:01 16:09:54"/>
          <property name="Exif/DateTimeOriginal" value="2016:02:01 16:09:54"/>
          <property name="Exif/ExposureTime" value="0.0333333"/>
          <property name="Exif/FNumber" value="2.2"/>
          <property name="Exif/FocalLength" value="4.15"/>
          <property name="Exif/FocalLengthIn35mmFilm" value="29"/>
          <property name="Exif/GPSDate" value="2016:02:01"/>
          <property name="Exif/GPSImgDirection" value="324.680327868852"/>
          <property name="Exif/GPSLatitude" value="40.7789083333333"/>
          <property name="Exif/GPSLongitude" value="-73.9630666666667"/>
          <property name="Exif/GPSTime" value="21:09:54"/>
          <property name="Exif/ISOSpeedRatings" value="80"/>
          <property name="Exif/LensMake" value="Apple"/>
          <property name="Exif/LensModel" value="iPhone 6 back camera 4.15mm f/2.2"/>
          <property name="Exif/Make" value="Apple"/>
          <property name="Exif/Model" value="iPhone 6"/>
          <property name="Exif/Orientation" value="6"/>
          <property name="Exif/ShutterSpeedValue" value="4.90764"/>
          <property name="Exif/Software" value="9.2.1"/>
          <property name="File/ImageHeight" value="2448"/>
          <property name="File/ImageWidth" value="3264"/>
          <property name="System/FileModifyDate" value="2016:02:01 14:43:40"/>
          <property name="System/FileSize" value="1727214"/>
        </meta>
      </photo>
    </camera>
    <camera camera_id="10">
      <photo path="../../../../../../../Downloads/Cycladic female figure (low)/IMG_1329.JPG">
        <meta>
          <property name="Exif/ApertureValue" value="2.27501"/>
          <property name="Exif/DateTime" value="2016:02:01 16:09:59"/>
          <property name="Exif/DateTimeOriginal" value="2016:02:01 16:09:59"/>
          <property name="Exif/ExposureTime" value="0.0333333"/>
          <property name="Exif/FNumber" value="2.2"/>
          <property name="Exif/FocalLength" value="4.15"/>
          <property name="Exif/FocalLengthIn35mmFilm" value="29"/>
          <property name="Exif/GPSDate" value="2016:02:01"/>
          <property name="Exif/GPSImgDirection" value="236.432653061224"/>
          <property name="Exif/GPSLatitude" value="40.7789027777778"/>
          <property name="Exif/GPSLongitude" value="-73.9630666666667"/>
          <property name="Exif/GPSTime" value="21:09:59"/>
          <property name="Exif/ISOSpeedRatings" value="80"/>
          <property name="Exif/LensMake" value="Apple"/>
          <property name="Exif/LensModel" value="iPhone 6 back camera 4.15mm f/2.2"/>
          <property name="Exif/Make" value="Apple"/>
          <property name="Exif/Model" value="iPhone 6"/>
          <property name="Exif/Orientation" value="6"/>
          <property name="Exif/ShutterSpeedValue" value="4.90764"/>
          <property name="Exif/Software" value="9.2.1"/>
          <property name="File/ImageHeight" value="2448"/>
          <property name="File/ImageWidth" value="3264"/>
          <property name="System/FileModifyDate" value="2016:02:01 14:43:10"/>
          <property name="System/FileSize" value="1692226"/>
        </meta>
      </photo>
    </camera>
    <camera camera_id="11">
      <photo path="../../../../../../../Downloads/Cycladic female figure (low)/IMG_1330.JPG">
        <meta>
          <property name="Exif/ApertureValue" value="2.27501"/>
          <property name="Exif/DateTime" value="2016:02:01 16:10:03"/>
          <property name="Exif/DateTimeOriginal" value="2016:02:01 16:10:03"/>
          <property name="Exif/ExposureTime" value="0.0333333"/>
          <property name="Exif/FNumber" value="2.2"/>
          <property name="Exif/FocalLength" value="4.15"/>
          <property name="Exif/FocalLengthIn35mmFilm" value="29"/>
          <property name="Exif/GPSDate" value="2016:02:01"/>
          <property name="Exif/GPSImgDirection" value="216.04375"/>
          <property name="Exif/GPSLatitude" value="40.7789027777778"/>
          <property name="Exif/GPSLongitude" value="-73.9630666666667"/>
          <property name="Exif/GPSTime" value="21:10:03"/>
          <property name="Exif/ISOSpeedRatings" value="100"/>
          <property name="Exif/LensMake" value="Apple"/>
          <property name="Exif/LensModel" value="iPhone 6 back camera 4.15mm f/2.2"/>
          <property name="Exif/Make" value="Apple"/>
          <property name="Exif/Model" value="iPhone 6"/>
          <property name="Exif/Orientation" value="6"/>
          <property name="Exif/ShutterSpeedValue" value="4.90764"/>
          <property name="Exif/Software" value="9.2.1"/>
          <property name="File/ImageHeight" value="2448"/>
          <property name="File/ImageWidth" value="3264"/>
          <property name="System/FileModifyDate" value="2016:02:01 14:43:52"/>
          <property name="System/FileSize" value="1736341"/>
        </meta>
      </photo>
    </camera>
    <camera camera_id="12">
      <photo path="../../../../../../../Downloads/Cycladic female figure (low)/IMG_1331.JPG">
        <meta>
          <property name="Exif/ApertureValue" value="2.27501"/>
          <property name="Exif/DateTime" value="2016:02:01 16:10:06"/>
          <property name="Exif/DateTimeOriginal" value="2016:02:01 16:10:06"/>
          <property name="Exif/ExposureTime" value="0.0333333"/>
          <property name="Exif/FNumber" value="2.2"/>
          <property name="Exif/FocalLength" value="4.15"/>
          <property name="Exif/FocalLengthIn35mmFilm" value="29"/>
          <property name="Exif/GPSDate" value="2016:02:01"/>
          <property name="Exif/GPSImgDirection" value="190.562753036437"/>
          <property name="Exif/GPSLatitude" value="40.7789027777778"/>
          <property name="Exif/GPSLongitude" value="-73.9630666666667"/>
          <property name="Exif/GPSTime" value="21:10:05"/>
          <property name="Exif/ISOSpeedRatings" value="125"/>
          <property name="Exif/LensMake" value="Apple"/>
          <property name="Exif/LensModel" value="iPhone 6 back camera 4.15mm f/2.2"/>
          <property name="Exif/Make" value="Apple"/>
          <property name="Exif/Model" value="iPhone 6"/>
          <property name="Exif/Orientation" value="6"/>
          <property name="Exif/ShutterSpeedValue" value="4.90764"/>
          <property name="Exif/Software" value="9.2.1"/>
          <property name="File/ImageHeight" value="2448"/>
          <property name="File/ImageWidth" value="3264"/>
          <property name="System/FileModifyDate" value="2016:02:01 14:42:42"/>
          <property name="System/FileSize" value="1633381"/>
        </meta>
      </photo>
    </camera>
    <camera camera_id="13">
      <photo path="../../../../../../../Downloads/Cycladic female figure (low)/IMG_1332.JPG">
        <meta>
          <property name="Exif/ApertureValue" value="2.27501"/>
          <property name="Exif/DateTime" value="2016:02:01 16:10:11"/>
          <property name="Exif/DateTimeOriginal" value="2016:02:01 16:10:11"/>
          <property name="Exif/ExposureTime" value="0.0333333"/>
          <property name="Exif/FNumber" value="2.2"/>
          <property name="Exif/FocalLength" value="4.15"/>
          <property name="Exif/FocalLengthIn35mmFilm" value="29"/>
          <property name="Exif/GPSDate" value="2016:02:01"/>
          <property name="Exif/GPSImgDirection" value="191.696498054475"/>
          <property name="Exif/GPSLatitude" value="40.7789083333333"/>
          <property name="Exif/GPSLongitude" value="-73.963075"/>
          <property name="Exif/GPSTime" value="21:10:10"/>
          <property name="Exif/ISOSpeedRatings" value="125"/>
          <property name="Exif/LensMake" value="Apple"/>
          <property name="Exif/LensModel" value="iPhone 6 back camera 4.15mm f/2.2"/>
          <property name="Exif/Make" value="Apple"/>
          <property name="Exif/Model" value="iPhone 6"/>
          <property name="Exif/Orientation" value="6"/>
          <property name="Exif/ShutterSpeedValue" value="4.90764"/>
          <property name="Exif/Software" value="9.2.1"/>
          <property name="File/ImageHeight" value="2448"/>
          <property name="File/ImageWidth" value="3264"/>
          <property name="System/FileModifyDate" value="2016:02:01 14:43:06"/>
          <property name="System/FileSize" value="1680478"/>
        </meta>
      </photo>
    </camera>
    <camera camera_id="14">
      <photo path="../../../../../../../Downloads/Cycladic female figure (low)/IMG_1333.JPG">
        <meta>
          <property name="Exif/ApertureValue" value="2.27501"/>
          <property name="Exif/DateTime" value="2016:02:01 16:10:13"/>
          <property name="Exif/DateTimeOriginal" value="2016:02:01 16:10:13"/>
          <property name="Exif/ExposureTime" value="0.0333333"/>
          <property name="Exif/FNumber" value="2.2"/>
          <property name="Exif/FocalLength" value="4.15"/>
          <property name="Exif/FocalLengthIn35mmFilm" value="29"/>
          <property name="Exif/GPSDate" value="2016:02:01"/>
          <property name="Exif/GPSImgDirection" value="224.367741935484"/>
          <property name="Exif/GPSLatitude" value="40.7789083333333"/>
          <property name="Exif/GPSLongitude" value="-73.963075"/>
          <property name="Exif/GPSTime" value="21:10:13"/>
          <property name="Exif/ISOSpeedRatings" value="80"/>
          <property name="Exif/LensMake" value="Apple"/>
          <property name="Exif/LensModel" value="iPhone 6 back camera 4.15mm f/2.2"/>
          <property name="Exif/Make" value="Apple"/>
          <property name="Exif/Model" value="iPhone 6"/>
          <property name="Exif/Orientation" value="6"/>
          <property name="Exif/ShutterSpeedValue" value="4.90764"/>
          <property name="Exif/Software" value="9.2.1"/>
          <property name="File/ImageHeight" value="2448"/>
          <property name="File/ImageWidth" value="3264"/>
          <property name="System/FileModifyDate" value="2016:02:01 14:45:26"/>
          <property name="System/FileSize" value="1818120"/>
        </meta>
      </photo>
    </camera>
    <camera camera_id="15">
      <photo path="../../../../../../../Downloads/Cycladic female figure (low)/IMG_1334.JPG">
        <meta>
          <property name="Exif/ApertureValue" value="2.27501"/>
          <property name="Exif/DateTime" value="2016:02:01 16:10:14"/>
          <property name="Exif/DateTimeOriginal" value="2016:02:01 16:10:14"/>
          <property name="Exif/ExposureTime" value="0.0333333"/>
          <property name="Exif/FNumber" value="2.2"/>
          <property name="Exif/FocalLength" value="4.15"/>
          <property name="Exif/FocalLengthIn35mmFilm" value="29"/>
          <property name="Exif/GPSDate" value="2016:02:01"/>
          <property name="Exif/GPSImgDirection" value="246.552486187845"/>
          <property name="Exif/GPSLatitude" value="40.7789083333333"/>
          <property name="Exif/GPSLongitude" value="-73.963075"/>
          <property name="Exif/GPSTime" value="21:10:14"/>
          <property name="Exif/ISOSpeedRatings" value="80"/>
          <property name="Exif/LensMake" value="Apple"/>
          <property name="Exif/LensModel" value="iPhone 6 back camera 4.15mm f/2.2"/>
          <property name="Exif/Make" value="Apple"/>
          <property name="Exif/Model" value="iPhone 6"/>
          <property name="Exif/Orientation" value="6"/>
          <property name="Exif/ShutterSpeedValue" value="4.90764"/>
          <property name="Exif/Software" value="9.2.1"/>
          <property name="File/ImageHeight" value="2448"/>
          <property name="File/ImageWidth" value="3264"/>
          <property name="System/FileModifyDate" value="2016:02:01 14:44:14"/>
          <property name="System/FileSize" value="1759800"/>
        </meta>
      </photo>
    </camera>
    <camera camera_id="16">
      <photo path="../../../../../../../Downloads/Cycladic female figure (low)/IMG_1335.JPG">
        <meta>
          <property name="Exif/ApertureValue" value="2.27501"/>
          <property name="Exif/DateTime" value="2016:02:01 16:10:17"/>
          <property name="Exif/DateTimeOriginal" value="2016:02:01 16:10:17"/>
          <property name="Exif/ExposureTime" value="0.0333333"/>
          <property name="Exif/FNumber" value="2.2"/>
          <property name="Exif/FocalLength" value="4.15"/>
          <property name="Exif/FocalLengthIn35mmFilm" value="29"/>
          <property name="Exif/GPSDate" value="2016:02:01"/>
          <property name="Exif/GPSImgDirection" value="246.989898989899"/>
          <property name="Exif/GPSLatitude" value="40.7789083333333"/>
          <property name="Exif/GPSLongitude" value="-73.963075"/>
          <property name="Exif/GPSTime" value="21:10:17"/>
          <property name="Exif/ISOSpeedRatings" value="80"/>
          <property name="Exif/LensMake" value="Apple"/>
          <property name="Exif/LensModel" value="iPhone 6 back camera 4.15mm f/2.2"/>
          <property name="Exif/Make" value="Apple"/>
          <property name="Exif/Model" value="iPhone 6"/>
          <property name="Exif/Orientation" value="6"/>
          <property name="Exif/ShutterSpeedValue" value="4.90764"/>
          <property name="Exif/Software" value="9.2.1"/>
          <property name="File/ImageHeight" value="2448"/>
          <property name="File/ImageWidth" value="3264"/>
          <property name="System/FileModifyDate" value="2016:02:01 14:44:20"/>
          <property name="System/FileSize" value="1763538"/>
        </meta>
      </photo>
    </camera>
    <camera camera_id="17">
      <photo path="../../../../../../../Downloads/Cycladic female figure (low)/IMG_1336.JPG">
        <meta>
          <property name="Exif/ApertureValue" value="2.27501"/>
          <property name="Exif/DateTime" value="2016:02:01 16:10:21"/>
          <property name="Exif/DateTimeOriginal" value="2016:02:01 16:10:21"/>
          <property name="Exif/ExposureTime" value="0.0333333"/>
          <property name="Exif/FNumber" value="2.2"/>
          <property name="Exif/FocalLength" value="4.15"/>
          <property name="Exif/FocalLengthIn35mmFilm" value="29"/>
          <property name="Exif/GPSDate" value="2016:02:01"/>
          <property name="Exif/GPSImgDirection" value="252.148760330579"/>
          <property name="Exif/GPSLatitude" value="40.7789083333333"/>
          <property name="Exif/GPSLongitude" value="-73.963075"/>
          <property name="Exif/GPSTime" value="21:10:20"/>
          <property name="Exif/ISOSpeedRatings" value="80"/>
          <property name="Exif/LensMake" value="Apple"/>
          <property name="Exif/LensModel" value="iPhone 6 back camera 4.15mm f/2.2"/>
          <property name="Exif/Make" value="Apple"/>
          <property name="Exif/Model" value="iPhone 6"/>
          <property name="Exif/Orientation" value="6"/>
          <property name="Exif/ShutterSpeedValue" value="4.90764"/>
          <property name="Exif/Software" value="9.2.1"/>
          <property name="File/ImageHeight" value="2448"/>
          <property name="File/ImageWidth" value="3264"/>
          <property name="System/FileModifyDate" value="2016:02:01 14:44:00"/>
          <property name="System/FileSize" value="1744587"/>
        </meta>
      </photo>
    </camera>
    <camera camera_id="18">
      <photo path="../../../../../../../Downloads/Cycladic female figure (low)/IMG_1337.JPG">
        <meta>
          <property name="Exif/ApertureValue" value="2.27501"/>
          <property name="Exif/DateTime" value="2016:02:01 16:10:26"/>
          <property name="Exif/DateTimeOriginal" value="2016:02:01 16:10:26"/>
          <property name="Exif/ExposureTime" value="0.0333333"/>
          <property name="Exif/FNumber" value="2.2"/>
          <property name="Exif/FocalLength" value="4.15"/>
          <property name="Exif/FocalLengthIn35mmFilm" value="29"/>
          <property name="Exif/GPSDate" value="2016:02:01"/>
          <property name="Exif/GPSImgDirection" value="243.367875647668"/>
          <property name="Exif/GPSLatitude" value="40.7789083333333"/>
          <property name="Exif/GPSLongitude" value="-73.963075"/>
          <property name="Exif/GPSTime" value="21:10:26"/>
          <property name="Exif/ISOSpeedRatings" value="100"/>
          <property name="Exif/LensMake" value="Apple"/>
          <property name="Exif/LensModel" value="iPhone 6 back camera 4.15mm f/2.2"/>
          <property name="Exif/Make" value="Apple"/>
          <property name="Exif/Model" value="iPhone 6"/>
          <property name="Exif/Orientation" value="6"/>
          <property name="Exif/ShutterSpeedValue" value="4.90764"/>
          <property name="Exif/Software" value="9.2.1"/>
          <property name="File/ImageHeight" value="2448"/>
          <property name="File/ImageWidth" value="3264"/>
          <property name="System/FileModifyDate" value="2016:02:01 14:44:52"/>
          <property name="System/FileSize" value="1792643"/>
        </meta>
      </photo>
    </camera>
    <camera camera_id="19">
      <photo path="../../../../../../../Downloads/Cycladic female figure (low)/IMG_1338.JPG">
        <meta>
          <property name="Exif/ApertureValue" value="2.27501"/>
          <property name="Exif/DateTime" value="2016:02:01 16:10:29"/>
          <property name="Exif/DateTimeOriginal" value="2016:02:01 16:10:29"/>
          <property name="Exif/ExposureTime" value="0.0333333"/>
          <property name="Exif/FNumber" value="2.2"/>
          <property name="Exif/FocalLength" value="4.15"/>
          <property name="Exif/FocalLengthIn35mmFilm" value="29"/>
          <property name="Exif/GPSDate" value="2016:02:01"/>
          <property name="Exif/GPSImgDirection" value="202.926553672316"/>
          <property name="Exif/GPSLatitude" value="40.7789111111111"/>
          <property name="Exif/GPSLongitude" value="-73.963075"/>
          <property name="Exif/GPSTime" value="21:10:29"/>
          <property name="Exif/ISOSpeedRatings" value="125"/>
          <property name="Exif/LensMake" value="Apple"/>
          <property name="Exif/LensModel" value="iPhone 6 back camera 4.15mm f/2.2"/>
          <property name="Exif/Make" value="Apple"/>
          <property name="Exif/Model" value="iPhone 6"/>
          <property name="Exif/Orientation" value="6"/>
          <property name="Exif/ShutterSpeedValue" value="4.90764"/>
          <property name="Exif/Software" value="9.2.1"/>
          <property name="File/ImageHeight" value="2448"/>
          <property name="File/ImageWidth" value="3264"/>
          <property name="System/FileModifyDate" value="2016:02:01 14:43:20"/>
          <property name="System/FileSize" value="1705261"/>
        </meta>
      </photo>
    </camera>
    <camera camera_id="20">
      <photo path="../../../../../../../Downloads/Cycladic female figure (low)/IMG_1339.JPG">
        <meta>
          <property name="Exif/ApertureValue" value="2.27501"/>
          <property name="Exif/DateTime" value="2016:02:01 16:10:36"/>
          <property name="Exif/DateTimeOriginal" value="2016:02:01 16:10:36"/>
          <property name="Exif/ExposureTime" value="0.0333333"/>
          <property name="Exif/FNumber" value="2.2"/>
          <property name="Exif/FocalLength" value="4.15"/>
          <property name="Exif/FocalLengthIn35mmFilm" value="29"/>
          <property name="Exif/GPSDate" value="2016:02:01"/>
          <property name="Exif/GPSImgDirection" value="214.332089552239"/>
          <property name="Exif/GPSLatitude" value="40.7789111111111"/>
          <property name="Exif/GPSLongitude" value="-73.963075"/>
          <property name="Exif/GPSTime" value="21:10:35"/>
          <property name="Exif/ISOSpeedRatings" value="125"/>
          <property name="Exif/LensMake" value="Apple"/>
          <property name="Exif/LensModel" value="iPhone 6 back camera 4.15mm f/2.2"/>
          <property name="Exif/Make" value="Apple"/>
          <property name="Exif/Model" value="iPhone 6"/>
          <property name="Exif/Orientation" value="6"/>
          <property name="Exif/ShutterSpeedValue" value="4.90764"/>
          <property name="Exif/Software" value="9.2.1"/>
          <property name="File/ImageHeight" value="2448"/>
          <property name="File/ImageWidth" value="3264"/>
          <property name="System/FileModifyDate" value="2016:02:01 14:44:06"/>
          <property name="System/FileSize" value="1749400"/>
        </meta>
      </photo>
    </camera>
    <camera camera_id="21">
      <photo path="../../../../../../../Downloads/Cycladic female figure (low)/IMG_1340.JPG">
        <meta>
          <property name="Exif/ApertureValue" value="2.27501"/>
          <property name="Exif/DateTime" value="2016:02:01 16:10:42"/>
          <property name="Exif/DateTimeOriginal" value="2016:02:01 16:10:42"/>
          <property name="Exif/ExposureTime" value="0.0333333"/>
          <property name="Exif/FNumber" value="2.2"/>
          <property name="Exif/FocalLength" value="4.15"/>
          <property name="Exif/FocalLengthIn35mmFilm" value="29"/>
          <property name="Exif/GPSDate" value="2016:02:01"/>
          <property name="Exif/GPSImgDirection" value="130.373737373737"/>
          <property name="Exif/GPSLatitude" value="40.7789111111111"/>
          <property name="Exif/GPSLongitude" value="-73.963075"/>
          <property name="Exif/GPSTime" value="21:10:41"/>
          <property name="Exif/ISOSpeedRatings" value="125"/>
          <property name="Exif/LensMake" value="Apple"/>
          <property name="Exif/LensModel" value="iPhone 6 back camera 4.15mm f/2.2"/>
          <property name="Exif/Make" value="Apple"/>
          <property name="Exif/Model" value="iPhone 6"/>
          <property name="Exif/Orientation" value="6"/>
          <property name="Exif/ShutterSpeedValue" value="4.90764"/>
          <property name="Exif/Software" value="9.2.1"/>
          <property name="File/ImageHeight" value="2448"/>
          <property name="File/ImageWidth" value="3264"/>
          <property name="System/FileModifyDate" value="2016:02:01 14:42:14"/>
          <property name="System/FileSize" value="1558255"/>
        </meta>
      </photo>
    </camera>
    <camera camera_id="22">
      <photo path="../../../../../../../Downloads/Cycladic female figure (low)/IMG_1341.JPG">
        <meta>
          <property name="Exif/ApertureValue" value="2.27501"/>
          <property name="Exif/DateTime" value="2016:02:01 16:10:44"/>
          <property name="Exif/DateTimeOriginal" value="2016:02:01 16:10:44"/>
          <property name="Exif/ExposureTime" value="0.0333333"/>
          <property name="Exif/FNumber" value="2.2"/>
          <property name="Exif/FocalLength" value="4.15"/>
          <property name="Exif/FocalLengthIn35mmFilm" value="29"/>
          <property name="Exif/GPSDate" value="2016:02:01"/>
          <property name="Exif/GPSImgDirection" value="109.50700280112"/>
          <property name="Exif/GPSLatitude" value="40.7789111111111"/>
          <property name="Exif/GPSLongitude" value="-73.963075"/>
          <property name="Exif/GPSTime" value="21:10:43"/>
          <property name="Exif/ISOSpeedRatings" value="125"/>
          <property name="Exif/LensMake" value="Apple"/>
          <property name="Exif/LensModel" value="iPhone 6 back camera 4.15mm f/2.2"/>
          <property name="Exif/Make" value="Apple"/>
          <property name="Exif/Model" value="iPhone 6"/>
          <property name="Exif/Orientation" value="6"/>
          <property name="Exif/ShutterSpeedValue" value="4.90764"/>
          <property name="Exif/Software" value="9.2.1"/>
          <property name="File/ImageHeight" value="2448"/>
          <property name="File/ImageWidth" value="3264"/>
          <property name="System/FileModifyDate" value="2016:02:01 14:42:18"/>
          <property name="System/FileSize" value="1562291"/>
        </meta>
      </photo>
    </camera>
    <camera camera_id="23">
      <photo path="../../../../../../../Downloads/Cycladic female figure (low)/IMG_1342.JPG">
        <meta>
          <property name="Exif/ApertureValue" value="2.27501"/>
          <property name="Exif/DateTime" value="2016:02:01 16:10:46"/>
          <property name="Exif/DateTimeOriginal" value="2016:02:01 16:10:46"/>
          <property name="Exif/ExposureTime" value="0.0333333"/>
          <property name="Exif/FNumber" value="2.2"/>
          <property name="Exif/FocalLength" value="4.15"/>
          <property name="Exif/FocalLengthIn35mmFilm" value="29"/>
          <property name="Exif/GPSDate" value="2016:02:01"/>
          <property name="Exif/GPSImgDirection" value="86.0569105691057"/>
          <property name="Exif/GPSLatitude" value="40.7789111111111"/>
          <property name="Exif/GPSLongitude" value="-73.963075"/>
          <property name="Exif/GPSTime" value="21:10:46"/>
          <property name="Exif/ISOSpeedRatings" value="125"/>
          <property name="Exif/LensMake" value="Apple"/>
          <property name="Exif/LensModel" value="iPhone 6 back camera 4.15mm f/2.2"/>
          <property name="Exif/Make" value="Apple"/>
          <property name="Exif/Model" value="iPhone 6"/>
          <property name="Exif/Orientation" value="6"/>
          <property name="Exif/ShutterSpeedValue" value="4.90764"/>
          <property name="Exif/Software" value="9.2.1"/>
          <property name="File/ImageHeight" value="2448"/>
          <property name="File/ImageWidth" value="3264"/>
          <property name="System/FileModifyDate" value="2016:02:01 14:43:12"/>
          <property name="System/FileSize" value="1695206"/>
        </meta>
      </photo>
    </camera>
    <camera camera_id="24">
      <photo path="../../../../../../../Downloads/Cycladic female figure (low)/IMG_1343.JPG">
        <meta>
          <property name="Exif/ApertureValue" value="2.27501"/>
          <property name="Exif/DateTime" value="2016:02:01 16:10:52"/>
          <property name="Exif/DateTimeOriginal" value="2016:02:01 16:10:52"/>
          <property name="Exif/ExposureTime" value="0.0333333"/>
          <property name="Exif/FNumber" value="2.2"/>
          <property name="Exif/FocalLength" value="4.15"/>
          <property name="Exif/FocalLengthIn35mmFilm" value="29"/>
          <property name="Exif/GPSDate" value="2016:02:01"/>
          <property name="Exif/GPSImgDirection" value="85.5738255033557"/>
          <property name="Exif/GPSLatitude" value="40.7789111111111"/>
          <property name="Exif/GPSLongitude" value="-73.963075"/>
          <property name="Exif/GPSTime" value="21:10:52"/>
          <property name="Exif/ISOSpeedRatings" value="125"/>
          <property name="Exif/LensMake" value="Apple"/>
          <property name="Exif/LensModel" value="iPhone 6 back camera 4.15mm f/2.2"/>
          <property name="Exif/Make" value="Apple"/>
          <property name="Exif/Model" value="iPhone 6"/>
          <property name="Exif/Orientation" value="6"/>
          <property name="Exif/ShutterSpeedValue" value="4.90764"/>
          <property name="Exif/Software" value="9.2.1"/>
          <property name="File/ImageHeight" value="2448"/>
          <property name="File/ImageWidth" value="3264"/>
          <property name="System/FileModifyDate" value="2016:02:01 14:42:24"/>
          <property name="System/FileSize" value="1580841"/>
        </meta>
      </photo>
    </camera>
    <camera camera_id="25">
      <photo path="../../../../../../../Downloads/Cycladic female figure (low)/IMG_1344.JPG">
        <meta>
          <property name="Exif/ApertureValue" value="2.27501"/>
          <property name="Exif/DateTime" value="2016:02:01 16:10:54"/>
          <property name="Exif/DateTimeOriginal" value="2016:02:01 16:10:54"/>
          <property name="Exif/ExposureTime" value="0.0333333"/>
          <property name="Exif/FNumber" value="2.2"/>
          <property name="Exif/FocalLength" value="4.15"/>
          <property name="Exif/FocalLengthIn35mmFilm" value="29"/>
          <property name="Exif/GPSDate" value="2016:02:01"/>
          <property name="Exif/GPSImgDirection" value="110.356725146199"/>
          <property name="Exif/GPSLatitude" value="40.7789111111111"/>
          <property name="Exif/GPSLongitude" value="-73.963075"/>
          <property name="Exif/GPSTime" value="21:10:54"/>
          <property name="Exif/ISOSpeedRatings" value="100"/>
          <property name="Exif/LensMake" value="Apple"/>
          <property name="Exif/LensModel" value="iPhone 6 back camera 4.15mm f/2.2"/>
          <property name="Exif/Make" value="Apple"/>
          <property name="Exif/Model" value="iPhone 6"/>
          <property name="Exif/Orientation" value="6"/>
          <property name="Exif/ShutterSpeedValue" value="4.90764"/>
          <property name="Exif/Software" value="9.2.1"/>
          <property name="File/ImageHeight" value="2448"/>
          <property name="File/ImageWidth" value="3264"/>
          <property name="System/FileModifyDate" value="2016:02:01 14:44:12"/>
          <property name="System/FileSize" value="1758241"/>
        </meta>
      </photo>
    </camera>
    <camera camera_id="26">
      <photo path="../../../../../../../Downloads/Cycladic female figure (low)/IMG_1345.JPG">
        <meta>
          <property name="Exif/ApertureValue" value="2.27501"/>
          <property name="Exif/DateTime" value="2016:02:01 16:10:56"/>
          <property name="Exif/DateTimeOriginal" value="2016:02:01 16:10:56"/>
          <property name="Exif/ExposureTime" value="0.0333333"/>
          <property name="Exif/FNumber" value="2.2"/>
          <property name="Exif/FocalLength" value="4.15"/>
          <property name="Exif/FocalLengthIn35mmFilm" value="29"/>
          <property name="Exif/GPSDate" value="2016:02:01"/>
          <property name="Exif/GPSImgDirection" value="135.46587537092"/>
          <property name="Exif/GPSLatitude" value="40.7789111111111"/>
          <property name="Exif/GPSLongitude" value="-73.963075"/>
          <property name="Exif/GPSTime" value="21:10:55"/>
          <property name="Exif/ISOSpeedRatings" value="100"/>
          <property name="Exif/LensMake" value="Apple"/>
          <property name="Exif/LensModel" value="iPhone 6 back camera 4.15mm f/2.2"/>
          <property name="Exif/Make" value="Apple"/>
          <property name="Exif/Model" value="iPhone 6"/>
          <property name="Exif/Orientation" value="6"/>
          <property name="Exif/ShutterSpeedValue" value="4.90764"/>
          <property name="Exif/Software" value="9.2.1"/>
          <property name="File/ImageHeight" value="2448"/>
          <property name="File/ImageWidth" value="3264"/>
          <property name="System/FileModifyDate" value="2016:02:01 14:43:42"/>
          <property name="System/FileSize" value="1730779"/>
        </meta>
      </photo>
    </camera>
    <camera camera_id="27">
      <photo path="../../../../../../../Downloads/Cycladic female figure (low)/IMG_1346.JPG">
        <meta>
          <property name="Exif/ApertureValue" value="2.27501"/>
          <property name="Exif/DateTime" value="2016:02:01 16:10:58"/>
          <property name="Exif/DateTimeOriginal" value="2016:02:01 16:10:58"/>
          <property name="Exif/ExposureTime" value="0.0333333"/>
          <property name="Exif/FNumber" value="2.2"/>
          <property name="Exif/FocalLength" value="4.15"/>
          <property name="Exif/FocalLengthIn35mmFilm" value="29"/>
          <property name="Exif/GPSDate" value="2016:02:01"/>
          <property name="Exif/GPSImgDirection" value="125.794326241135"/>
          <property name="Exif/GPSLatitude" value="40.7789111111111"/>
          <property name="Exif/GPSLongitude" value="-73.963075"/>
          <property name="Exif/GPSTime" value="21:10:58"/>
          <property name="Exif/ISOSpeedRatings" value="100"/>
          <property name="Exif/LensMake" value="Apple"/>
          <property name="Exif/LensModel" value="iPhone 6 back camera 4.15mm f/2.2"/>
          <property name="Exif/Make" value="Apple"/>
          <property name="Exif/Model" value="iPhone 6"/>
          <property name="Exif/Orientation" value="6"/>
          <property name="Exif/ShutterSpeedValue" value="4.90764"/>
          <property name="Exif/Software" value="9.2.1"/>
          <property name="File/ImageHeight" value="2448"/>
          <property name="File/ImageWidth" value="3264"/>
          <property name="System/FileModifyDate" value="2016:02:01 14:42:56"/>
          <property name="System/FileSize" value="1659438"/>
        </meta>
      </photo>
    </camera>
    <camera camera_id="28">
      <photo path="../../../../../../../Downloads/Cycladic female figure (low)/IMG_1347.JPG">
        <meta>
          <property name="Exif/ApertureValue" value="2.27501"/>
          <property name="Exif/DateTime" value="2016:02:01 16:11:01"/>
          <property name="Exif/DateTimeOriginal" value="2016:02:01 16:11:01"/>
          <property name="Exif/ExposureTime" value="0.0333333"/>
          <property name="Exif/FNumber" value="2.2"/>
          <property name="Exif/FocalLength" value="4.15"/>
          <property name="Exif/FocalLengthIn35mmFilm" value="29"/>
          <property name="Exif/GPSDate" value="2016:02:01"/>
          <property name="Exif/GPSImgDirection" value="109.992907801418"/>
          <property name="Exif/GPSLatitude" value="40.7789111111111"/>
          <property name="Exif/GPSLongitude" value="-73.963075"/>
          <property name="Exif/GPSTime" value="21:11:00"/>
          <property name="Exif/ISOSpeedRatings" value="100"/>
          <property name="Exif/LensMake" value="Apple"/>
          <property name="Exif/LensModel" value="iPhone 6 back camera 4.15mm f/2.2"/>
          <property name="Exif/Make" value="Apple"/>
          <property name="Exif/Model" value="iPhone 6"/>
          <property name="Exif/Orientation" value="6"/>
          <property name="Exif/ShutterSpeedValue" value="4.90764"/>
          <property name="Exif/Software" value="9.2.1"/>
          <property name="File/ImageHeight" value="2448"/>
          <property name="File/ImageWidth" value="3264"/>
          <property name="System/FileModifyDate" value="2016:02:01 14:42:48"/>
          <property name="System/FileSize" value="1650581"/>
        </meta>
      </photo>
    </camera>
    <camera camera_id="29">
      <photo path="../../../../../../../Downloads/Cycladic female figure (low)/IMG_1348.JPG">
        <meta>
          <property name="Exif/ApertureValue" value="2.27501"/>
          <property name="Exif/DateTime" value="2016:02:01 16:11:04"/>
          <property name="Exif/DateTimeOriginal" value="2016:02:01 16:11:04"/>
          <property name="Exif/ExposureTime" value="0.0333333"/>
          <property name="Exif/FNumber" value="2.2"/>
          <property name="Exif/FocalLength" value="4.15"/>
          <property name="Exif/FocalLengthIn35mmFilm" value="29"/>
          <property name="Exif/GPSDate" value="2016:02:01"/>
          <property name="Exif/GPSImgDirection" value="82.8760563380282"/>
          <property name="Exif/GPSLatitude" value="40.7789111111111"/>
          <property name="Exif/GPSLongitude" value="-73.963075"/>
          <property name="Exif/GPSTime" value="21:11:04"/>
          <property name="Exif/ISOSpeedRatings" value="100"/>
          <property name="Exif/LensMake" value="Apple"/>
          <property name="Exif/LensModel" value="iPhone 6 back camera 4.15mm f/2.2"/>
          <property name="Exif/Make" value="Apple"/>
          <property name="Exif/Model" value="iPhone 6"/>
          <property name="Exif/Orientation" value="6"/>
          <property name="Exif/ShutterSpeedValue" value="4.90764"/>
          <property name="Exif/Software" value="9.2.1"/>
          <property name="File/ImageHeight" value="2448"/>
          <property name="File/ImageWidth" value="3264"/>
          <property name="System/FileModifyDate" value="2016:02:01 14:44:04"/>
          <property name="System/FileSize" value="1749316"/>
        </meta>
      </photo>
    </camera>
    <camera camera_id="30">
      <photo path="../../../../../../../Downloads/Cycladic female figure (low)/IMG_1349.JPG">
        <meta>
          <property name="Exif/ApertureValue" value="2.27501"/>
          <property name="Exif/DateTime" value="2016:02:01 16:11:07"/>
          <property name="Exif/DateTimeOriginal" value="2016:02:01 16:11:07"/>
          <property name="Exif/ExposureTime" value="0.0333333"/>
          <property name="Exif/FNumber" value="2.2"/>
          <property name="Exif/FocalLength" value="4.15"/>
          <property name="Exif/FocalLengthIn35mmFilm" value="29"/>
          <property name="Exif/GPSDate" value="2016:02:01"/>
          <property name="Exif/GPSImgDirection" value="89.2706270627063"/>
          <property name="Exif/GPSLatitude" value="40.7789111111111"/>
          <property name="Exif/GPSLongitude" value="-73.963075"/>
          <property name="Exif/GPSTime" value="21:11:07"/>
          <property name="Exif/ISOSpeedRatings" value="100"/>
          <property name="Exif/LensMake" value="Apple"/>
          <property name="Exif/LensModel" value="iPhone 6 back camera 4.15mm f/2.2"/>
          <property name="Exif/Make" value="Apple"/>
          <property name="Exif/Model" value="iPhone 6"/>
          <property name="Exif/Orientation" value="6"/>
          <property name="Exif/ShutterSpeedValue" value="4.90764"/>
          <property name="Exif/Software" value="9.2.1"/>
          <property name="File/ImageHeight" value="2448"/>
          <property name="File/ImageWidth" value="3264"/>
          <property name="System/FileModifyDate" value="2016:02:01 14:42:46"/>
          <property name="System/FileSize" value="1647314"/>
        </meta>
      </photo>
    </camera>
    <camera camera_id="31">
      <photo path="../../../../../../../Downloads/Cycladic female figure (low)/IMG_1350.JPG">
        <meta>
          <property name="Exif/ApertureValue" value="2.27501"/>
          <property name="Exif/DateTime" value="2016:02:01 16:11:09"/>
          <property name="Exif/DateTimeOriginal" value="2016:02:01 16:11:09"/>
          <property name="Exif/ExposureTime" value="0.0333333"/>
          <property name="Exif/FNumber" value="2.2"/>
          <property name="Exif/FocalLength" value="4.15"/>
          <property name="Exif/FocalLengthIn35mmFilm" value="29"/>
          <property name="Exif/GPSDate" value="2016:02:01"/>
          <property name="Exif/GPSImgDirection" value="111.212574850299"/>
          <property name="Exif/GPSLatitude" value="40.7789111111111"/>
          <property name="Exif/GPSLongitude" value="-73.963075"/>
          <property name="Exif/GPSTime" value="21:11:08"/>
          <property name="Exif/ISOSpeedRatings" value="100"/>
          <property name="Exif/LensMake" value="Apple"/>
          <property name="Exif/LensModel" value="iPhone 6 back camera 4.15mm f/2.2"/>
          <property name="Exif/Make" value="Apple"/>
          <property name="Exif/Model" value="iPhone 6"/>
          <property name="Exif/Orientation" value="6"/>
          <property name="Exif/ShutterSpeedValue" value="4.90764"/>
          <property name="Exif/Software" value="9.2.1"/>
          <property name="File/ImageHeight" value="2448"/>
          <property name="File/ImageWidth" value="3264"/>
          <property name="System/FileModifyDate" value="2016:02:01 14:42:20"/>
          <property name="System/FileSize" value="1565264"/>
        </meta>
      </photo>
    </camera>
    <camera camera_id="32">
      <photo path="../../../../../../../Downloads/Cycladic female figure (low)/IMG_1351.JPG">
        <meta>
          <property name="Exif/ApertureValue" value="2.27501"/>
          <property name="Exif/DateTime" value="2016:02:01 16:11:10"/>
          <property name="Exif/DateTimeOriginal" value="2016:02:01 16:11:10"/>
          <property name="Exif/ExposureTime" value="0.0333333"/>
          <property name="Exif/FNumber" value="2.2"/>
          <property name="Exif/FocalLength" value="4.15"/>
          <property name="Exif/FocalLengthIn35mmFilm" value="29"/>
          <property name="Exif/GPSDate" value="2016:02:01"/>
          <property name="Exif/GPSImgDirection" value="128.015544041451"/>
          <property name="Exif/GPSLatitude" value="40.7789111111111"/>
          <property name="Exif/GPSLongitude" value="-73.963075"/>
          <property name="Exif/GPSTime" value="21:11:10"/>
          <property name="Exif/ISOSpeedRatings" value="80"/>
          <property name="Exif/LensMake" value="Apple"/>
          <property name="Exif/LensModel" value="iPhone 6 back camera 4.15mm f/2.2"/>
          <property name="Exif/Make" value="Apple"/>
          <property name="Exif/Model" value="iPhone 6"/>
          <property name="Exif/Orientation" value="6"/>
          <property name="Exif/ShutterSpeedValue" value="4.90764"/>
          <property name="Exif/Software" value="9.2.1"/>
          <property name="File/ImageHeight" value="2448"/>
          <property name="File/ImageWidth" value="3264"/>
          <property name="System/FileModifyDate" value="2016:02:01 14:44:02"/>
          <property name="System/FileSize" value="1745391"/>
        </meta>
      </photo>
    </camera>
    <camera camera_id="33">
      <photo path="../../../../../../../Downloads/Cycladic female figure (low)/IMG_1352.JPG">
        <meta>
          <property name="Exif/ApertureValue" value="2.27501"/>
          <property name="Exif/DateTime" value="2016:02:01 16:11:17"/>
          <property name="Exif/DateTimeOriginal" value="2016:02:01 16:11:17"/>
          <property name="Exif/ExposureTime" value="0.0333333"/>
          <property name="Exif/FNumber" value="2.2"/>
          <property name="Exif/FocalLength" value="4.15"/>
          <property name="Exif/FocalLengthIn35mmFilm" value="29"/>
          <property name="Exif/GPSDate" value="2016:02:01"/>
          <property name="Exif/GPSImgDirection" value="128.755020080321"/>
          <property name="Exif/GPSLatitude" value="40.7789083333333"/>
          <property name="Exif/GPSLongitude" value="-73.963075"/>
          <property name="Exif/GPSTime" value="21:11:17"/>
          <property name="Exif/ISOSpeedRatings" value="125"/>
          <property name="Exif/LensMake" value="Apple"/>
          <property name="Exif/LensModel" value="iPhone 6 back camera 4.15mm f/2.2"/>
          <property name="Exif/Make" value="Apple"/>
          <property name="Exif/Model" value="iPhone 6"/>
          <property name="Exif/Orientation" value="1"/>
          <property name="Exif/ShutterSpeedValue" value="4.90764"/>
          <property name="Exif/Software" value="9.2.1"/>
          <property name="File/ImageHeight" value="2448"/>
          <property name="File/ImageWidth" value="3264"/>
          <property name="System/FileModifyDate" value="2016:02:01 14:43:32"/>
          <property name="System/FileSize" value="1724854"/>
        </meta>
      </photo>
    </camera>
    <camera camera_id="34">
      <photo path="../../../../../../../Downloads/Cycladic female figure (low)/IMG_1353.JPG">
        <meta>
          <property name="Exif/ApertureValue" value="2.27501"/>
          <property name="Exif/DateTime" value="2016:02:01 16:11:19"/>
          <property name="Exif/DateTimeOriginal" value="2016:02:01 16:11:19"/>
          <property name="Exif/ExposureTime" value="0.0333333"/>
          <property name="Exif/FNumber" value="2.2"/>
          <property name="Exif/FocalLength" value="4.15"/>
          <property name="Exif/FocalLengthIn35mmFilm" value="29"/>
          <property name="Exif/GPSDate" value="2016:02:01"/>
          <property name="Exif/GPSImgDirection" value="137.755681818182"/>
          <property name="Exif/GPSLatitude" value="40.7789111111111"/>
          <property name="Exif/GPSLongitude" value="-73.963075"/>
          <property name="Exif/GPSTime" value="21:11:19"/>
          <property name="Exif/ISOSpeedRatings" value="160"/>
          <property name="Exif/LensMake" value="Apple"/>
          <property name="Exif/LensModel" value="iPhone 6 back camera 4.15mm f/2.2"/>
          <property name="Exif/Make" value="Apple"/>
          <property name="Exif/Model" value="iPhone 6"/>
          <property name="Exif/Orientation" value="1"/>
          <property name="Exif/ShutterSpeedValue" value="4.90764"/>
          <property name="Exif/Software" value="9.2.1"/>
          <property name="File/ImageHeight" value="2448"/>
          <property name="File/ImageWidth" value="3264"/>
          <property name="System/FileModifyDate" value="2016:02:01 14:45:52"/>
          <property name="System/FileSize" value="1870767"/>
        </meta>
      </photo>
    </camera>
    <camera camera_id="35">
      <photo path="../../../../../../../Downloads/Cycladic female figure (low)/IMG_1354.JPG">
        <meta>
          <property name="Exif/ApertureValue" value="2.27501"/>
          <property name="Exif/DateTime" value="2016:02:01 16:11:21"/>
          <property name="Exif/DateTimeOriginal" value="2016:02:01 16:11:21"/>
          <property name="Exif/ExposureTime" value="0.0333333"/>
          <property name="Exif/FNumber" value="2.2"/>
          <property name="Exif/FocalLength" value="4.15"/>
          <property name="Exif/FocalLengthIn35mmFilm" value="29"/>
          <property name="Exif/GPSDate" value="2016:02:01"/>
          <property name="Exif/GPSImgDirection" value="115.791621911923"/>
          <property name="Exif/GPSLatitude" value="40.7789111111111"/>
          <property name="Exif/GPSLongitude" value="-73.963075"/>
          <property name="Exif/GPSTime" value="21:11:21"/>
          <property name="Exif/ISOSpeedRatings" value="125"/>
          <property name="Exif/LensMake" value="Apple"/>
          <property name="Exif/LensModel" value="iPhone 6 back camera 4.15mm f/2.2"/>
          <property name="Exif/Make" value="Apple"/>
          <property name="Exif/Model" value="iPhone 6"/>
          <property name="Exif/Orientation" value="1"/>
          <property name="Exif/ShutterSpeedValue" value="4.90764"/>
          <property name="Exif/Software" value="9.2.1"/>
          <property name="File/ImageHeight" value="2448"/>
          <property name="File/ImageWidth" value="3264"/>
          <property name="System/FileModifyDate" value="2016:02:01 14:43:56"/>
          <property name="System/FileSize" value="1740488"/>
        </meta>
      </photo>
    </camera>
    <camera camera_id="36">
      <photo path="../../../../../../../Downloads/Cycladic female figure (low)/IMG_1355.JPG">
        <meta>
          <property name="Exif/ApertureValue" value="2.27501"/>
          <property name="Exif/DateTime" value="2016:02:01 16:11:25"/>
          <property name="Exif/DateTimeOriginal" value="2016:02:01 16:11:25"/>
          <property name="Exif/ExposureTime" value="0.0333333"/>
          <property name="Exif/FNumber" value="2.2"/>
          <property name="Exif/FocalLength" value="4.15"/>
          <property name="Exif/FocalLengthIn35mmFilm" value="29"/>
          <property name="Exif/GPSDate" value="2016:02:01"/>
          <property name="Exif/GPSImgDirection" value="47.0924657534247"/>
          <property name="Exif/GPSLatitude" value="40.7789111111111"/>
          <property name="Exif/GPSLongitude" value="-73.963075"/>
          <property name="Exif/GPSTime" value="21:11:25"/>
          <property name="Exif/ISOSpeedRatings" value="200"/>
          <property name="Exif/LensMake" value="Apple"/>
          <property name="Exif/LensModel" value="iPhone 6 back camera 4.15mm f/2.2"/>
          <property name="Exif/Make" value="Apple"/>
          <property name="Exif/Model" value="iPhone 6"/>
          <property name="Exif/Orientation" value="1"/>
          <property name="Exif/ShutterSpeedValue" value="4.90764"/>
          <property name="Exif/Software" value="9.2.1"/>
          <property name="File/ImageHeight" value="2448"/>
          <property name="File/ImageWidth" value="3264"/>
          <property name="System/FileModifyDate" value="2016:02:01 14:42:30"/>
          <property name="System/FileSize" value="1606473"/>
        </meta>
      </photo>
    </camera>
    <camera camera_id="37">
      <photo path="../../../../../../../Downloads/Cycladic female figure (low)/IMG_1356.JPG">
        <meta>
          <property name="Exif/ApertureValue" value="2.27501"/>
          <property name="Exif/DateTime" value="2016:02:01 16:11:27"/>
          <property name="Exif/DateTimeOriginal" value="2016:02:01 16:11:27"/>
          <property name="Exif/ExposureTime" value="0.0333333"/>
          <property name="Exif/FNumber" value="2.2"/>
          <property name="Exif/FocalLength" value="4.15"/>
          <property name="Exif/FocalLengthIn35mmFilm" value="29"/>
          <property name="Exif/GPSDate" value="2016:02:01"/>
          <property name="Exif/GPSImgDirection" value="48.275956284153"/>
          <property name="Exif/GPSLatitude" value="40.7789111111111"/>
          <property name="Exif/GPSLongitude" value="-73.963075"/>
          <property name="Exif/GPSTime" value="21:11:27"/>
          <property name="Exif/ISOSpeedRatings" value="160"/>
          <property name="Exif/LensMake" value="Apple"/>
          <property name="Exif/LensModel" value="iPhone 6 back camera 4.15mm f/2.2"/>
          <property name="Exif/Make" value="Apple"/>
          <property name="Exif/Model" value="iPhone 6"/>
          <property name="Exif/Orientation" value="6"/>
          <property name="Exif/ShutterSpeedValue" value="4.90764"/>
          <property name="Exif/Software" value="9.2.1"/>
          <property name="File/ImageHeight" value="2448"/>
          <property name="File/ImageWidth" value="3264"/>
          <property name="System/FileModifyDate" value="2016:02:01 14:42:16"/>
          <property name="System/FileSize" value="1559866"/>
        </meta>
      </photo>
    </camera>
    <camera camera_id="38">
      <photo path="../../../../../../../Downloads/Cycladic female figure (low)/IMG_1357.JPG">
        <meta>
          <property name="Exif/ApertureValue" value="2.27501"/>
          <property name="Exif/DateTime" value="2016:02:01 16:11:30"/>
          <property name="Exif/DateTimeOriginal" value="2016:02:01 16:11:30"/>
          <property name="Exif/ExposureTime" value="0.0333333"/>
          <property name="Exif/FNumber" value="2.2"/>
          <property name="Exif/FocalLength" value="4.15"/>
          <property name="Exif/FocalLengthIn35mmFilm" value="29"/>
          <property name="Exif/GPSDate" value="2016:02:01"/>
          <property name="Exif/GPSImgDirection" value="27.4623287671233"/>
          <property name="Exif/GPSLatitude" value="40.7789111111111"/>
          <property name="Exif/GPSLongitude" value="-73.963075"/>
          <property name="Exif/GPSTime" value="21:11:30"/>
          <property name="Exif/ISOSpeedRatings" value="125"/>
          <property name="Exif/LensMake" value="Apple"/>
          <property name="Exif/LensModel" value="iPhone 6 back camera 4.15mm f/2.2"/>
          <property name="Exif/Make" value="Apple"/>
          <property name="Exif/Model" value="iPhone 6"/>
          <property name="Exif/Orientation" value="6"/>
          <property name="Exif/ShutterSpeedValue" value="4.90764"/>
          <property name="Exif/Software" value="9.2.1"/>
          <property name="File/ImageHeight" value="2448"/>
          <property name="File/ImageWidth" value="3264"/>
          <property name="System/FileModifyDate" value="2016:02:01 14:42:06"/>
          <property name="System/FileSize" value="1537211"/>
        </meta>
      </photo>
    </camera>
    <camera camera_id="39">
      <photo path="../../../../../../../Downloads/Cycladic female figure (low)/IMG_1358.JPG">
        <meta>
          <property name="Exif/ApertureValue" value="2.27501"/>
          <property name="Exif/DateTime" value="2016:02:01 16:11:32"/>
          <property name="Exif/DateTimeOriginal" value="2016:02:01 16:11:32"/>
          <property name="Exif/ExposureTime" value="0.0333333"/>
          <property name="Exif/FNumber" value="2.2"/>
          <property name="Exif/FocalLength" value="4.15"/>
          <property name="Exif/FocalLengthIn35mmFilm" value="29"/>
          <property name="Exif/GPSDate" value="2016:02:01"/>
          <property name="Exif/GPSImgDirection" value="355.937685459941"/>
          <property name="Exif/GPSLatitude" value="40.7789027777778"/>
          <property name="Exif/GPSLongitude" value="-73.963075"/>
          <property name="Exif/GPSTime" value="21:11:32"/>
          <property name="Exif/ISOSpeedRatings" value="100"/>
          <property name="Exif/LensMake" value="Apple"/>
          <property name="Exif/LensModel" value="iPhone 6 back camera 4.15mm f/2.2"/>
          <property name="Exif/Make" value="Apple"/>
          <property name="Exif/Model" value="iPhone 6"/>
          <property name="Exif/Orientation" value="6"/>
          <property name="Exif/ShutterSpeedValue" value="4.90764"/>
          <property name="Exif/Software" value="9.2.1"/>
          <property name="File/ImageHeight" value="2448"/>
          <property name="File/ImageWidth" value="3264"/>
          <property name="System/FileModifyDate" value="2016:02:01 14:42:34"/>
          <property name="System/FileSize" value="1626614"/>
        </meta>
      </photo>
    </camera>
    <camera camera_id="40">
      <photo path="../../../../../../../Downloads/Cycladic female figure (low)/IMG_1359.JPG">
        <meta>
          <property name="Exif/ApertureValue" value="2.27501"/>
          <property name="Exif/DateTime" value="2016:02:01 16:11:34"/>
          <property name="Exif/DateTimeOriginal" value="2016:02:01 16:11:34"/>
          <property name="Exif/ExposureTime" value="0.0333333"/>
          <property name="Exif/FNumber" value="2.2"/>
          <property name="Exif/FocalLength" value="4.15"/>
          <property name="Exif/FocalLengthIn35mmFilm" value="29"/>
          <property name="Exif/GPSDate" value="2016:02:01"/>
          <property name="Exif/GPSImgDirection" value="357.510752688172"/>
          <property name="Exif/GPSLatitude" value="40.7789027777778"/>
          <property name="Exif/GPSLongitude" value="-73.963075"/>
          <property name="Exif/GPSTime" value="21:11:34"/>
          <property name="Exif/ISOSpeedRatings" value="100"/>
          <property name="Exif/LensMake" value="Apple"/>
          <property name="Exif/LensModel" value="iPhone 6 back camera 4.15mm f/2.2"/>
          <property name="Exif/Make" value="Apple"/>
          <property name="Exif/Model" value="iPhone 6"/>
          <property name="Exif/Orientation" value="6"/>
          <property name="Exif/ShutterSpeedValue" value="4.90764"/>
          <property name="Exif/Software" value="9.2.1"/>
          <property name="File/ImageHeight" value="2448"/>
          <property name="File/ImageWidth" value="3264"/>
          <property name="System/FileModifyDate" value="2016:02:01 14:42:36"/>
          <property name="System/FileSize" value="1627424"/>
        </meta>
      </photo>
    </camera>
    <camera camera_id="41">
      <photo path="../../../../../../../Downloads/Cycladic female figure (low)/IMG_1360.JPG">
        <meta>
          <property name="Exif/ApertureValue" value="2.27501"/>
          <property name="Exif/DateTime" value="2016:02:01 16:11:37"/>
          <property name="Exif/DateTimeOriginal" value="2016:02:01 16:11:37"/>
          <property name="Exif/ExposureTime" value="0.0333333"/>
          <property name="Exif/FNumber" value="2.2"/>
          <property name="Exif/FocalLength" value="4.15"/>
          <property name="Exif/FocalLengthIn35mmFilm" value="29"/>
          <property name="Exif/GPSDate" value="2016:02:01"/>
          <property name="Exif/GPSImgDirection" value="29.9751131221719"/>
          <property name="Exif/GPSLatitude" value="40.7789027777778"/>
          <property name="Exif/GPSLongitude" value="-73.963075"/>
          <property name="Exif/GPSTime" value="21:11:37"/>
          <property name="Exif/ISOSpeedRatings" value="125"/>
          <property name="Exif/LensMake" value="Apple"/>
          <property name="Exif/LensModel" value="iPhone 6 back camera 4.15mm f/2.2"/>
          <property name="Exif/Make" value="Apple"/>
          <property name="Exif/Model" value="iPhone 6"/>
          <property name="Exif/Orientation" value="6"/>
          <property name="Exif/ShutterSpeedValue" value="4.90764"/>
          <property name="Exif/Software" value="9.2.1"/>
          <property name="File/ImageHeight" value="2448"/>
          <property name="File/ImageWidth" value="3264"/>
          <property name="System/FileModifyDate" value="2016:02:01 14:42:02"/>
          <property name="System/FileSize" value="1519045"/>
        </meta>
      </photo>
    </camera>
    <camera camera_id="42">
      <photo path="../../../../../../../Downloads/Cycladic female figure (low)/IMG_1361.JPG">
        <meta>
          <property name="Exif/ApertureValue" value="2.27501"/>
          <property name="Exif/DateTime" value="2016:02:01 16:11:40"/>
          <property name="Exif/DateTimeOriginal" value="2016:02:01 16:11:40"/>
          <property name="Exif/ExposureTime" value="0.0333333"/>
          <property name="Exif/FNumber" value="2.2"/>
          <property name="Exif/FocalLength" value="4.15"/>
          <property name="Exif/FocalLengthIn35mmFilm" value="29"/>
          <property name="Exif/GPSDate" value="2016:02:01"/>
          <property name="Exif/GPSImgDirection" value="46.0249110320285"/>
          <property name="Exif/GPSLatitude" value="40.7789027777778"/>
          <property name="Exif/GPSLongitude" value="-73.963075"/>
          <property name="Exif/GPSTime" value="21:11:39"/>
          <property name="Exif/ISOSpeedRatings" value="125"/>
          <property name="Exif/LensMake" value="Apple"/>
          <property name="Exif/LensModel" value="iPhone 6 back camera 4.15mm f/2.2"/>
          <property name="Exif/Make" value="Apple"/>
          <property name="Exif/Model" value="iPhone 6"/>
          <property name="Exif/Orientation" value="6"/>
          <property name="Exif/ShutterSpeedValue" value="4.90764"/>
          <property name="Exif/Software" value="9.2.1"/>
          <property name="File/ImageHeight" value="2448"/>
          <property name="File/ImageWidth" value="3264"/>
          <property name="System/FileModifyDate" value="2016:02:01 14:42:12"/>
          <property name="System/FileSize" value="1557336"/>
        </meta>
      </photo>
    </camera>
    <camera camera_id="43">
      <photo path="../../../../../../../Downloads/Cycladic female figure (low)/IMG_1362.JPG">
        <meta>
          <property name="Exif/ApertureValue" value="2.27501"/>
          <property name="Exif/DateTime" value="2016:02:01 16:11:44"/>
          <property name="Exif/DateTimeOriginal" value="2016:02:01 16:11:44"/>
          <property name="Exif/ExposureTime" value="0.0333333"/>
          <property name="Exif/FNumber" value="2.2"/>
          <property name="Exif/FocalLength" value="4.15"/>
          <property name="Exif/FocalLengthIn35mmFilm" value="29"/>
          <property name="Exif/GPSDate" value="2016:02:01"/>
          <property name="Exif/GPSImgDirection" value="44.1790808240888"/>
          <property name="Exif/GPSLatitude" value="40.7789083333333"/>
          <property name="Exif/GPSLongitude" value="-73.963075"/>
          <property name="Exif/GPSTime" value="21:11:44"/>
          <property name="Exif/ISOSpeedRatings" value="125"/>
          <property name="Exif/LensMake" value="Apple"/>
          <property name="Exif/LensModel" value="iPhone 6 back camera 4.15mm f/2.2"/>
          <property name="Exif/Make" value="Apple"/>
          <property name="Exif/Model" value="iPhone 6"/>
          <property name="Exif/Orientation" value="6"/>
          <property name="Exif/ShutterSpeedValue" value="4.90764"/>
          <property name="Exif/Software" value="9.2.1"/>
          <property name="File/ImageHeight" value="2448"/>
          <property name="File/ImageWidth" value="3264"/>
          <property name="System/FileModifyDate" value="2016:02:01 14:41:44"/>
          <property name="System/FileSize" value="1421217"/>
        </meta>
      </photo>
    </camera>
    <camera camera_id="44">
      <photo path="../../../../../../../Downloads/Cycladic female figure (low)/IMG_1363.JPG">
        <meta>
          <property name="Exif/ApertureValue" value="2.27501"/>
          <property name="Exif/DateTime" value="2016:02:01 16:11:46"/>
          <property name="Exif/DateTimeOriginal" value="2016:02:01 16:11:46"/>
          <property name="Exif/ExposureTime" value="0.0333333"/>
          <property name="Exif/FNumber" value="2.2"/>
          <property name="Exif/FocalLength" value="4.15"/>
          <property name="Exif/FocalLengthIn35mmFilm" value="29"/>
          <property name="Exif/GPSDate" value="2016:02:01"/>
          <property name="Exif/GPSImgDirection" value="21.7029972752044"/>
          <property name="Exif/GPSLatitude" value="40.7789083333333"/>
          <property name="Exif/GPSLongitude" value="-73.963075"/>
          <property name="Exif/GPSTime" value="21:11:46"/>
          <property name="Exif/ISOSpeedRatings" value="125"/>
          <property name="Exif/LensMake" value="Apple"/>
          <property name="Exif/LensModel" value="iPhone 6 back camera 4.15mm f/2.2"/>
          <property name="Exif/Make" value="Apple"/>
          <property name="Exif/Model" value="iPhone 6"/>
          <property name="Exif/Orientation" value="6"/>
          <property name="Exif/ShutterSpeedValue" value="4.90764"/>
          <property name="Exif/Software" value="9.2.1"/>
          <property name="File/ImageHeight" value="2448"/>
          <property name="File/ImageWidth" value="3264"/>
          <property name="System/FileModifyDate" value="2016:02:01 14:42:22"/>
          <property name="System/FileSize" value="1565357"/>
        </meta>
      </photo>
    </camera>
    <camera camera_id="45">
      <photo path="../../../../../../../Downloads/Cycladic female figure (low)/IMG_1364.JPG">
        <meta>
          <property name="Exif/ApertureValue" value="2.27501"/>
          <property name="Exif/DateTime" value="2016:02:01 16:11:49"/>
          <property name="Exif/DateTimeOriginal" value="2016:02:01 16:11:49"/>
          <property name="Exif/ExposureTime" value="0.0333333"/>
          <property name="Exif/FNumber" value="2.2"/>
          <property name="Exif/FocalLength" value="4.15"/>
          <property name="Exif/FocalLengthIn35mmFilm" value="29"/>
          <property name="Exif/GPSDate" value="2016:02:01"/>
          <property name="Exif/GPSImgDirection" value="3.36323092170466"/>
          <property name="Exif/GPSLatitude" value="40.7789083333333"/>
          <property name="Exif/GPSLongitude" value="-73.963075"/>
          <property name="Exif/GPSTime" value="21:11:48"/>
          <property name="Exif/ISOSpeedRatings" value="100"/>
          <property name="Exif/LensMake" value="Apple"/>
          <property name="Exif/LensModel" value="iPhone 6 back camera 4.15mm f/2.2"/>
          <property name="Exif/Make" value="Apple"/>
          <property name="Exif/Model" value="iPhone 6"/>
          <property name="Exif/Orientation" value="6"/>
          <property name="Exif/ShutterSpeedValue" value="4.90764"/>
          <property name="Exif/Software" value="9.2.1"/>
          <property name="File/ImageHeight" value="2448"/>
          <property name="File/ImageWidth" value="3264"/>
          <property name="System/FileModifyDate" value="2016:02:01 14:42:44"/>
          <property name="System/FileSize" value="1634110"/>
        </meta>
      </photo>
    </camera>
  </cameras>
  <thumbnails path="thumbnails/thumbnails.zip"/>
  <point_cloud path="point_cloud/point_cloud.zip"/>
  <depth_maps id="0" path="depth_maps/depth_maps.zip"/>
  <model id="0" path="model/model.zip"/>
</frame>
