<?xml version="1.0" encoding="UTF-8"?>
<depth_maps version="1.2.0">
  <blocks>
    <block path="data0.zip"/>
  </blocks>
  <meta>
    <property name="BuildDepthMaps/cameras" value=""/>
    <property name="BuildDepthMaps/downscale" value="4"/>
    <property name="BuildDepthMaps/duration" value="100.701042"/>
    <property name="BuildDepthMaps/filter_mode" value="0"/>
    <property name="BuildDepthMaps/max_neighbors" value="16"/>
    <property name="BuildDepthMaps/max_workgroup_size" value="100"/>
    <property name="BuildDepthMaps/ram_used" value="432865280"/>
    <property name="BuildDepthMaps/reuse_depth" value="false"/>
    <property name="BuildDepthMaps/subdivide_task" value="true"/>
    <property name="BuildDepthMaps/workitem_size_cameras" value="20"/>
    <property name="Info/LastSavedDateTime" value="2023:10:31 15:42:42"/>
    <property name="Info/LastSavedSoftwareVersion" value="2.0.3.16960"/>
    <property name="Info/OriginalDateTime" value="2023:10:31 15:21:57"/>
    <property name="Info/OriginalSoftwareVersion" value="2.0.3.16960"/>
  </meta>
</depth_maps>
