<?xml version="1.0" encoding="UTF-8"?>
<model version="1.2.0">
  <mesh path="mesh.ply">
    <faceCount>492126</faceCount>
    <vertexCount>246182</vertexCount>
    <hasVertexColors>true</hasVertexColors>
    <hasVertexConfidence>true</hasVertexConfidence>
    <hasUV>true</hasUV>
  </mesh>
  <texture path="texture.tif"/>
  <params>
    <dataType>uint8</dataType>
    <bands>
      <band label="Red"/>
      <band label="Green"/>
      <band label="Blue"/>
    </bands>
    <color>#ff8080b0</color>
  </params>
  <meta>
    <property name="BuildTexture/blending_mode" value="3"/>
    <property name="BuildTexture/cameras" value=""/>
    <property name="BuildTexture/duration" value="407.71278"/>
    <property name="BuildTexture/fill_holes" value="true"/>
    <property name="BuildTexture/ghosting_filter" value="true"/>
    <property name="BuildTexture/ram_used" value="1503526912"/>
    <property name="BuildTexture/source_model" value="4294967295"/>
    <property name="BuildTexture/texture_size" value="8192"/>
    <property name="BuildTexture/texture_type" value="0"/>
    <property name="BuildTexture/transfer_texture" value="false"/>
    <property name="BuildUV/camera" value="4294967295"/>
    <property name="BuildUV/duration" value="11.427449"/>
    <property name="BuildUV/mapping_mode" value="1"/>
    <property name="BuildUV/page_count" value="1"/>
    <property name="BuildUV/ram_used" value="611532800"/>
    <property name="BuildUV/texture_size" value="8192"/>
    <property name="Info/LastSavedDateTime" value="2023:11:30 06:57:31"/>
    <property name="Info/LastSavedSoftwareVersion" value="2.0.3.16960"/>
  </meta>
</model>
