<?xml version="1.0" encoding="UTF-8"?>
<depth_maps version="1.5.0">
  <depth_map camera_id="0" level="0" path="0/d0.exr">
    <calibration type="frame">
      <resolution width="3000" height="2000"/>
      <f>4886.7636383677564</f>
      <cx>126.10807341423924</cx>
      <cy>-115.59098686403001</cy>
    </calibration>
  </depth_map>
  <depth_map camera_id="0" level="1" path="1/d0.exr">
    <calibration type="frame">
      <resolution width="1500" height="1000"/>
      <f>2443.3818191838782</f>
      <cx>63.054036707119621</cx>
      <cy>-57.795493432015007</cy>
    </calibration>
  </depth_map>
  <depth_map camera_id="0" level="2" path="2/d0.exr">
    <calibration type="frame">
      <resolution width="750" height="500"/>
      <f>1221.6909095919391</f>
      <cx>31.527018353559811</cx>
      <cy>-28.897746716007504</cy>
    </calibration>
  </depth_map>
  <depth_map camera_id="1" level="0" path="0/d1.exr">
    <calibration type="frame">
      <resolution width="3000" height="2000"/>
      <f>4360.0990122348849</f>
      <cx>40.574085593693781</cx>
      <cy>-8.4066165120151481</cy>
    </calibration>
  </depth_map>
  <depth_map camera_id="1" level="1" path="1/d1.exr">
    <calibration type="frame">
      <resolution width="1500" height="1000"/>
      <f>2180.0495061174424</f>
      <cx>20.28704279684689</cx>
      <cy>-4.2033082560075741</cy>
    </calibration>
  </depth_map>
  <depth_map camera_id="1" level="2" path="2/d1.exr">
    <calibration type="frame">
      <resolution width="750" height="500"/>
      <f>1090.0247530587212</f>
      <cx>10.143521398423445</cx>
      <cy>-2.101654128003787</cy>
    </calibration>
  </depth_map>
  <depth_map camera_id="2" level="0" path="0/d2.exr">
    <calibration type="frame">
      <resolution width="3000" height="2000"/>
      <f>4360.0990122348849</f>
      <cx>40.574085593693781</cx>
      <cy>-8.4066165120151481</cy>
    </calibration>
  </depth_map>
  <depth_map camera_id="2" level="1" path="1/d2.exr">
    <calibration type="frame">
      <resolution width="1500" height="1000"/>
      <f>2180.0495061174424</f>
      <cx>20.28704279684689</cx>
      <cy>-4.2033082560075741</cy>
    </calibration>
  </depth_map>
  <depth_map camera_id="2" level="2" path="2/d2.exr">
    <calibration type="frame">
      <resolution width="750" height="500"/>
      <f>1090.0247530587212</f>
      <cx>10.143521398423445</cx>
      <cy>-2.101654128003787</cy>
    </calibration>
  </depth_map>
  <depth_map camera_id="3" level="0" path="0/d3.exr">
    <calibration type="frame">
      <resolution width="3000" height="2000"/>
      <f>4360.0990122348849</f>
      <cx>40.574085593693781</cx>
      <cy>-8.4066165120151481</cy>
    </calibration>
  </depth_map>
  <depth_map camera_id="3" level="1" path="1/d3.exr">
    <calibration type="frame">
      <resolution width="1500" height="1000"/>
      <f>2180.0495061174424</f>
      <cx>20.28704279684689</cx>
      <cy>-4.2033082560075741</cy>
    </calibration>
  </depth_map>
  <depth_map camera_id="3" level="2" path="2/d3.exr">
    <calibration type="frame">
      <resolution width="750" height="500"/>
      <f>1090.0247530587212</f>
      <cx>10.143521398423445</cx>
      <cy>-2.101654128003787</cy>
    </calibration>
  </depth_map>
  <depth_map camera_id="4" level="0" path="0/d4.exr">
    <calibration type="frame">
      <resolution width="3000" height="2000"/>
      <f>4360.0990122348849</f>
      <cx>40.574085593693781</cx>
      <cy>-8.4066165120151481</cy>
    </calibration>
  </depth_map>
  <depth_map camera_id="4" level="1" path="1/d4.exr">
    <calibration type="frame">
      <resolution width="1500" height="1000"/>
      <f>2180.0495061174424</f>
      <cx>20.28704279684689</cx>
      <cy>-4.2033082560075741</cy>
    </calibration>
  </depth_map>
  <depth_map camera_id="4" level="2" path="2/d4.exr">
    <calibration type="frame">
      <resolution width="750" height="500"/>
      <f>1090.0247530587212</f>
      <cx>10.143521398423445</cx>
      <cy>-2.101654128003787</cy>
    </calibration>
  </depth_map>
  <depth_map camera_id="5" level="0" path="0/d5.exr">
    <calibration type="frame">
      <resolution width="3000" height="2000"/>
      <f>4360.0990122348849</f>
      <cx>40.574085593693781</cx>
      <cy>-8.4066165120151481</cy>
    </calibration>
  </depth_map>
  <depth_map camera_id="5" level="1" path="1/d5.exr">
    <calibration type="frame">
      <resolution width="1500" height="1000"/>
      <f>2180.0495061174424</f>
      <cx>20.28704279684689</cx>
      <cy>-4.2033082560075741</cy>
    </calibration>
  </depth_map>
  <depth_map camera_id="5" level="2" path="2/d5.exr">
    <calibration type="frame">
      <resolution width="750" height="500"/>
      <f>1090.0247530587212</f>
      <cx>10.143521398423445</cx>
      <cy>-2.101654128003787</cy>
    </calibration>
  </depth_map>
  <depth_map camera_id="6" level="0" path="0/d6.exr">
    <calibration type="frame">
      <resolution width="3000" height="2000"/>
      <f>4360.0990122348849</f>
      <cx>40.574085593693781</cx>
      <cy>-8.4066165120151481</cy>
    </calibration>
  </depth_map>
  <depth_map camera_id="6" level="1" path="1/d6.exr">
    <calibration type="frame">
      <resolution width="1500" height="1000"/>
      <f>2180.0495061174424</f>
      <cx>20.28704279684689</cx>
      <cy>-4.2033082560075741</cy>
    </calibration>
  </depth_map>
  <depth_map camera_id="6" level="2" path="2/d6.exr">
    <calibration type="frame">
      <resolution width="750" height="500"/>
      <f>1090.0247530587212</f>
      <cx>10.143521398423445</cx>
      <cy>-2.101654128003787</cy>
    </calibration>
  </depth_map>
  <depth_map camera_id="7" level="0" path="0/d7.exr">
    <calibration type="frame">
      <resolution width="3000" height="2000"/>
      <f>4360.0990122348849</f>
      <cx>40.574085593693781</cx>
      <cy>-8.4066165120151481</cy>
    </calibration>
  </depth_map>
  <depth_map camera_id="7" level="1" path="1/d7.exr">
    <calibration type="frame">
      <resolution width="1500" height="1000"/>
      <f>2180.0495061174424</f>
      <cx>20.28704279684689</cx>
      <cy>-4.2033082560075741</cy>
    </calibration>
  </depth_map>
  <depth_map camera_id="7" level="2" path="2/d7.exr">
    <calibration type="frame">
      <resolution width="750" height="500"/>
      <f>1090.0247530587212</f>
      <cx>10.143521398423445</cx>
      <cy>-2.101654128003787</cy>
    </calibration>
  </depth_map>
  <depth_map camera_id="8" level="0" path="0/d8.exr">
    <calibration type="frame">
      <resolution width="3000" height="2000"/>
      <f>4360.0990122348849</f>
      <cx>40.574085593693781</cx>
      <cy>-8.4066165120151481</cy>
    </calibration>
  </depth_map>
  <depth_map camera_id="8" level="1" path="1/d8.exr">
    <calibration type="frame">
      <resolution width="1500" height="1000"/>
      <f>2180.0495061174424</f>
      <cx>20.28704279684689</cx>
      <cy>-4.2033082560075741</cy>
    </calibration>
  </depth_map>
  <depth_map camera_id="8" level="2" path="2/d8.exr">
    <calibration type="frame">
      <resolution width="750" height="500"/>
      <f>1090.0247530587212</f>
      <cx>10.143521398423445</cx>
      <cy>-2.101654128003787</cy>
    </calibration>
  </depth_map>
  <depth_map camera_id="9" level="0" path="0/d9.exr">
    <calibration type="frame">
      <resolution width="3000" height="2000"/>
      <f>4360.0990122348849</f>
      <cx>40.574085593693781</cx>
      <cy>-8.4066165120151481</cy>
    </calibration>
  </depth_map>
  <depth_map camera_id="9" level="1" path="1/d9.exr">
    <calibration type="frame">
      <resolution width="1500" height="1000"/>
      <f>2180.0495061174424</f>
      <cx>20.28704279684689</cx>
      <cy>-4.2033082560075741</cy>
    </calibration>
  </depth_map>
  <depth_map camera_id="9" level="2" path="2/d9.exr">
    <calibration type="frame">
      <resolution width="750" height="500"/>
      <f>1090.0247530587212</f>
      <cx>10.143521398423445</cx>
      <cy>-2.101654128003787</cy>
    </calibration>
  </depth_map>
  <depth_map camera_id="10" level="0" path="0/d10.exr">
    <calibration type="frame">
      <resolution width="3000" height="2000"/>
      <f>4360.0990122348849</f>
      <cx>40.574085593693781</cx>
      <cy>-8.4066165120151481</cy>
    </calibration>
  </depth_map>
  <depth_map camera_id="10" level="1" path="1/d10.exr">
    <calibration type="frame">
      <resolution width="1500" height="1000"/>
      <f>2180.0495061174424</f>
      <cx>20.28704279684689</cx>
      <cy>-4.2033082560075741</cy>
    </calibration>
  </depth_map>
  <depth_map camera_id="10" level="2" path="2/d10.exr">
    <calibration type="frame">
      <resolution width="750" height="500"/>
      <f>1090.0247530587212</f>
      <cx>10.143521398423445</cx>
      <cy>-2.101654128003787</cy>
    </calibration>
  </depth_map>
  <depth_map camera_id="11" level="0" path="0/d11.exr">
    <calibration type="frame">
      <resolution width="3000" height="2000"/>
      <f>4360.0990122348849</f>
      <cx>40.574085593693781</cx>
      <cy>-8.4066165120151481</cy>
    </calibration>
  </depth_map>
  <depth_map camera_id="11" level="1" path="1/d11.exr">
    <calibration type="frame">
      <resolution width="1500" height="1000"/>
      <f>2180.0495061174424</f>
      <cx>20.28704279684689</cx>
      <cy>-4.2033082560075741</cy>
    </calibration>
  </depth_map>
  <depth_map camera_id="11" level="2" path="2/d11.exr">
    <calibration type="frame">
      <resolution width="750" height="500"/>
      <f>1090.0247530587212</f>
      <cx>10.143521398423445</cx>
      <cy>-2.101654128003787</cy>
    </calibration>
  </depth_map>
  <depth_map camera_id="12" level="0" path="0/d12.exr">
    <calibration type="frame">
      <resolution width="3000" height="2000"/>
      <f>4360.0990122348849</f>
      <cx>40.574085593693781</cx>
      <cy>-8.4066165120151481</cy>
    </calibration>
  </depth_map>
  <depth_map camera_id="12" level="1" path="1/d12.exr">
    <calibration type="frame">
      <resolution width="1500" height="1000"/>
      <f>2180.0495061174424</f>
      <cx>20.28704279684689</cx>
      <cy>-4.2033082560075741</cy>
    </calibration>
  </depth_map>
  <depth_map camera_id="12" level="2" path="2/d12.exr">
    <calibration type="frame">
      <resolution width="750" height="500"/>
      <f>1090.0247530587212</f>
      <cx>10.143521398423445</cx>
      <cy>-2.101654128003787</cy>
    </calibration>
  </depth_map>
  <depth_map camera_id="13" level="0" path="0/d13.exr">
    <calibration type="frame">
      <resolution width="3000" height="2000"/>
      <f>4360.0990122348849</f>
      <cx>40.574085593693781</cx>
      <cy>-8.4066165120151481</cy>
    </calibration>
  </depth_map>
  <depth_map camera_id="13" level="1" path="1/d13.exr">
    <calibration type="frame">
      <resolution width="1500" height="1000"/>
      <f>2180.0495061174424</f>
      <cx>20.28704279684689</cx>
      <cy>-4.2033082560075741</cy>
    </calibration>
  </depth_map>
  <depth_map camera_id="13" level="2" path="2/d13.exr">
    <calibration type="frame">
      <resolution width="750" height="500"/>
      <f>1090.0247530587212</f>
      <cx>10.143521398423445</cx>
      <cy>-2.101654128003787</cy>
    </calibration>
  </depth_map>
  <depth_map camera_id="14" level="0" path="0/d14.exr">
    <calibration type="frame">
      <resolution width="3000" height="2000"/>
      <f>4360.0990122348849</f>
      <cx>40.574085593693781</cx>
      <cy>-8.4066165120151481</cy>
    </calibration>
  </depth_map>
  <depth_map camera_id="14" level="1" path="1/d14.exr">
    <calibration type="frame">
      <resolution width="1500" height="1000"/>
      <f>2180.0495061174424</f>
      <cx>20.28704279684689</cx>
      <cy>-4.2033082560075741</cy>
    </calibration>
  </depth_map>
  <depth_map camera_id="14" level="2" path="2/d14.exr">
    <calibration type="frame">
      <resolution width="750" height="500"/>
      <f>1090.0247530587212</f>
      <cx>10.143521398423445</cx>
      <cy>-2.101654128003787</cy>
    </calibration>
  </depth_map>
  <depth_map camera_id="15" level="0" path="0/d15.exr">
    <calibration type="frame">
      <resolution width="3000" height="2000"/>
      <f>5432.9569262869254</f>
      <cx>96.514322162526923</cx>
      <cy>-8.0422960154156726</cy>
    </calibration>
  </depth_map>
  <depth_map camera_id="15" level="1" path="1/d15.exr">
    <calibration type="frame">
      <resolution width="1500" height="1000"/>
      <f>2716.4784631434627</f>
      <cx>48.257161081263462</cx>
      <cy>-4.0211480077078363</cy>
    </calibration>
  </depth_map>
  <depth_map camera_id="15" level="2" path="2/d15.exr">
    <calibration type="frame">
      <resolution width="750" height="500"/>
      <f>1358.2392315717314</f>
      <cx>24.128580540631731</cx>
      <cy>-2.0105740038539182</cy>
    </calibration>
  </depth_map>
  <depth_map camera_id="16" level="0" path="0/d16.exr">
    <calibration type="frame">
      <resolution width="3000" height="2000"/>
      <f>5432.9569262869254</f>
      <cx>96.514322162526923</cx>
      <cy>-8.0422960154156726</cy>
    </calibration>
  </depth_map>
  <depth_map camera_id="16" level="1" path="1/d16.exr">
    <calibration type="frame">
      <resolution width="1500" height="1000"/>
      <f>2716.4784631434627</f>
      <cx>48.257161081263462</cx>
      <cy>-4.0211480077078363</cy>
    </calibration>
  </depth_map>
  <depth_map camera_id="16" level="2" path="2/d16.exr">
    <calibration type="frame">
      <resolution width="750" height="500"/>
      <f>1358.2392315717314</f>
      <cx>24.128580540631731</cx>
      <cy>-2.0105740038539182</cy>
    </calibration>
  </depth_map>
  <depth_map camera_id="17" level="0" path="0/d17.exr">
    <calibration type="frame">
      <resolution width="3000" height="2000"/>
      <f>3908.1698992796782</f>
      <cx>35.054803118432801</cx>
      <cy>24.684210022664729</cy>
    </calibration>
  </depth_map>
  <depth_map camera_id="17" level="1" path="1/d17.exr">
    <calibration type="frame">
      <resolution width="1500" height="1000"/>
      <f>1954.0849496398391</f>
      <cx>17.527401559216401</cx>
      <cy>12.342105011332364</cy>
    </calibration>
  </depth_map>
  <depth_map camera_id="17" level="2" path="2/d17.exr">
    <calibration type="frame">
      <resolution width="750" height="500"/>
      <f>977.04247481991956</f>
      <cx>8.7637007796082003</cx>
      <cy>6.1710525056661822</cy>
    </calibration>
  </depth_map>
  <depth_map camera_id="18" level="0" path="0/d18.exr">
    <calibration type="frame">
      <resolution width="3000" height="2000"/>
      <f>3908.1698992796782</f>
      <cx>35.054803118432801</cx>
      <cy>24.684210022664729</cy>
    </calibration>
  </depth_map>
  <depth_map camera_id="18" level="1" path="1/d18.exr">
    <calibration type="frame">
      <resolution width="1500" height="1000"/>
      <f>1954.0849496398391</f>
      <cx>17.527401559216401</cx>
      <cy>12.342105011332364</cy>
    </calibration>
  </depth_map>
  <depth_map camera_id="18" level="2" path="2/d18.exr">
    <calibration type="frame">
      <resolution width="750" height="500"/>
      <f>977.04247481991956</f>
      <cx>8.7637007796082003</cx>
      <cy>6.1710525056661822</cy>
    </calibration>
  </depth_map>
  <depth_map camera_id="19" level="0" path="0/d19.exr">
    <calibration type="frame">
      <resolution width="3000" height="2000"/>
      <f>3908.1698992796782</f>
      <cx>35.054803118432801</cx>
      <cy>24.684210022664729</cy>
    </calibration>
  </depth_map>
  <depth_map camera_id="19" level="1" path="1/d19.exr">
    <calibration type="frame">
      <resolution width="1500" height="1000"/>
      <f>1954.0849496398391</f>
      <cx>17.527401559216401</cx>
      <cy>12.342105011332364</cy>
    </calibration>
  </depth_map>
  <depth_map camera_id="19" level="2" path="2/d19.exr">
    <calibration type="frame">
      <resolution width="750" height="500"/>
      <f>977.04247481991956</f>
      <cx>8.7637007796082003</cx>
      <cy>6.1710525056661822</cy>
    </calibration>
  </depth_map>
  <depth_map camera_id="20" level="0" path="0/d20.exr">
    <calibration type="frame">
      <resolution width="3000" height="2000"/>
      <f>3908.1698992796782</f>
      <cx>35.054803118432801</cx>
      <cy>24.684210022664729</cy>
    </calibration>
  </depth_map>
  <depth_map camera_id="20" level="1" path="1/d20.exr">
    <calibration type="frame">
      <resolution width="1500" height="1000"/>
      <f>1954.0849496398391</f>
      <cx>17.527401559216401</cx>
      <cy>12.342105011332364</cy>
    </calibration>
  </depth_map>
  <depth_map camera_id="20" level="2" path="2/d20.exr">
    <calibration type="frame">
      <resolution width="750" height="500"/>
      <f>977.04247481991956</f>
      <cx>8.7637007796082003</cx>
      <cy>6.1710525056661822</cy>
    </calibration>
  </depth_map>
  <depth_map camera_id="21" level="0" path="0/d21.exr">
    <calibration type="frame">
      <resolution width="3000" height="2000"/>
      <f>3908.1698992796782</f>
      <cx>35.054803118432801</cx>
      <cy>24.684210022664729</cy>
    </calibration>
  </depth_map>
  <depth_map camera_id="21" level="1" path="1/d21.exr">
    <calibration type="frame">
      <resolution width="1500" height="1000"/>
      <f>1954.0849496398391</f>
      <cx>17.527401559216401</cx>
      <cy>12.342105011332364</cy>
    </calibration>
  </depth_map>
  <depth_map camera_id="21" level="2" path="2/d21.exr">
    <calibration type="frame">
      <resolution width="750" height="500"/>
      <f>977.04247481991956</f>
      <cx>8.7637007796082003</cx>
      <cy>6.1710525056661822</cy>
    </calibration>
  </depth_map>
  <depth_map camera_id="22" level="0" path="0/d22.exr">
    <calibration type="frame">
      <resolution width="3000" height="2000"/>
      <f>3908.1698992796782</f>
      <cx>35.054803118432801</cx>
      <cy>24.684210022664729</cy>
    </calibration>
  </depth_map>
  <depth_map camera_id="22" level="1" path="1/d22.exr">
    <calibration type="frame">
      <resolution width="1500" height="1000"/>
      <f>1954.0849496398391</f>
      <cx>17.527401559216401</cx>
      <cy>12.342105011332364</cy>
    </calibration>
  </depth_map>
  <depth_map camera_id="22" level="2" path="2/d22.exr">
    <calibration type="frame">
      <resolution width="750" height="500"/>
      <f>977.04247481991956</f>
      <cx>8.7637007796082003</cx>
      <cy>6.1710525056661822</cy>
    </calibration>
  </depth_map>
  <depth_map camera_id="23" level="0" path="0/d23.exr">
    <calibration type="frame">
      <resolution width="3000" height="2000"/>
      <f>3908.1698992796782</f>
      <cx>35.054803118432801</cx>
      <cy>24.684210022664729</cy>
    </calibration>
  </depth_map>
  <depth_map camera_id="23" level="1" path="1/d23.exr">
    <calibration type="frame">
      <resolution width="1500" height="1000"/>
      <f>1954.0849496398391</f>
      <cx>17.527401559216401</cx>
      <cy>12.342105011332364</cy>
    </calibration>
  </depth_map>
  <depth_map camera_id="23" level="2" path="2/d23.exr">
    <calibration type="frame">
      <resolution width="750" height="500"/>
      <f>977.04247481991956</f>
      <cx>8.7637007796082003</cx>
      <cy>6.1710525056661822</cy>
    </calibration>
  </depth_map>
  <depth_map camera_id="24" level="0" path="0/d24.exr">
    <calibration type="frame">
      <resolution width="3000" height="2000"/>
      <f>3908.1698992796782</f>
      <cx>35.054803118432801</cx>
      <cy>24.684210022664729</cy>
    </calibration>
  </depth_map>
  <depth_map camera_id="24" level="1" path="1/d24.exr">
    <calibration type="frame">
      <resolution width="1500" height="1000"/>
      <f>1954.0849496398391</f>
      <cx>17.527401559216401</cx>
      <cy>12.342105011332364</cy>
    </calibration>
  </depth_map>
  <depth_map camera_id="24" level="2" path="2/d24.exr">
    <calibration type="frame">
      <resolution width="750" height="500"/>
      <f>977.04247481991956</f>
      <cx>8.7637007796082003</cx>
      <cy>6.1710525056661822</cy>
    </calibration>
  </depth_map>
  <depth_map camera_id="25" level="0" path="0/d25.exr">
    <calibration type="frame">
      <resolution width="3000" height="2000"/>
      <f>2699.7531651980594</f>
      <cx>8.7497074928837719</cx>
      <cy>15.342592081236148</cy>
    </calibration>
  </depth_map>
  <depth_map camera_id="25" level="1" path="1/d25.exr">
    <calibration type="frame">
      <resolution width="1500" height="1000"/>
      <f>1349.8765825990297</f>
      <cx>4.374853746441886</cx>
      <cy>7.6712960406180741</cy>
    </calibration>
  </depth_map>
  <depth_map camera_id="25" level="2" path="2/d25.exr">
    <calibration type="frame">
      <resolution width="750" height="500"/>
      <f>674.93829129951484</f>
      <cx>2.187426873220943</cx>
      <cy>3.8356480203090371</cy>
    </calibration>
  </depth_map>
  <depth_map camera_id="26" level="0" path="0/d26.exr">
    <calibration type="frame">
      <resolution width="3000" height="2000"/>
      <f>3160.9733011049489</f>
      <cx>32.273111399989375</cx>
      <cy>11.183870958134207</cy>
    </calibration>
  </depth_map>
  <depth_map camera_id="26" level="1" path="1/d26.exr">
    <calibration type="frame">
      <resolution width="1500" height="1000"/>
      <f>1580.4866505524744</f>
      <cx>16.136555699994688</cx>
      <cy>5.5919354790671036</cy>
    </calibration>
  </depth_map>
  <depth_map camera_id="26" level="2" path="2/d26.exr">
    <calibration type="frame">
      <resolution width="750" height="500"/>
      <f>790.24332527623721</f>
      <cx>8.0682778499973438</cx>
      <cy>2.7959677395335518</cy>
    </calibration>
  </depth_map>
  <depth_map camera_id="27" level="0" path="0/d27.exr">
    <calibration type="frame">
      <resolution width="3000" height="2000"/>
      <f>3908.1698992796782</f>
      <cx>35.054803118432801</cx>
      <cy>24.684210022664729</cy>
    </calibration>
  </depth_map>
  <depth_map camera_id="27" level="1" path="1/d27.exr">
    <calibration type="frame">
      <resolution width="1500" height="1000"/>
      <f>1954.0849496398391</f>
      <cx>17.527401559216401</cx>
      <cy>12.342105011332364</cy>
    </calibration>
  </depth_map>
  <depth_map camera_id="27" level="2" path="2/d27.exr">
    <calibration type="frame">
      <resolution width="750" height="500"/>
      <f>977.04247481991956</f>
      <cx>8.7637007796082003</cx>
      <cy>6.1710525056661822</cy>
    </calibration>
  </depth_map>
  <depth_map camera_id="28" level="0" path="0/d28.exr">
    <calibration type="frame">
      <resolution width="3000" height="2000"/>
      <f>3908.1698992796782</f>
      <cx>35.054803118432801</cx>
      <cy>24.684210022664729</cy>
    </calibration>
  </depth_map>
  <depth_map camera_id="28" level="1" path="1/d28.exr">
    <calibration type="frame">
      <resolution width="1500" height="1000"/>
      <f>1954.0849496398391</f>
      <cx>17.527401559216401</cx>
      <cy>12.342105011332364</cy>
    </calibration>
  </depth_map>
  <depth_map camera_id="28" level="2" path="2/d28.exr">
    <calibration type="frame">
      <resolution width="750" height="500"/>
      <f>977.04247481991956</f>
      <cx>8.7637007796082003</cx>
      <cy>6.1710525056661822</cy>
    </calibration>
  </depth_map>
  <depth_map camera_id="29" level="0" path="0/d29.exr">
    <calibration type="frame">
      <resolution width="3000" height="2000"/>
      <f>3908.1698992796782</f>
      <cx>35.054803118432801</cx>
      <cy>24.684210022664729</cy>
    </calibration>
  </depth_map>
  <depth_map camera_id="29" level="1" path="1/d29.exr">
    <calibration type="frame">
      <resolution width="1500" height="1000"/>
      <f>1954.0849496398391</f>
      <cx>17.527401559216401</cx>
      <cy>12.342105011332364</cy>
    </calibration>
  </depth_map>
  <depth_map camera_id="29" level="2" path="2/d29.exr">
    <calibration type="frame">
      <resolution width="750" height="500"/>
      <f>977.04247481991956</f>
      <cx>8.7637007796082003</cx>
      <cy>6.1710525056661822</cy>
    </calibration>
  </depth_map>
  <depth_map camera_id="30" level="0" path="0/d30.exr">
    <calibration type="frame">
      <resolution width="3000" height="2000"/>
      <f>3908.1698992796782</f>
      <cx>35.054803118432801</cx>
      <cy>24.684210022664729</cy>
    </calibration>
  </depth_map>
  <depth_map camera_id="30" level="1" path="1/d30.exr">
    <calibration type="frame">
      <resolution width="1500" height="1000"/>
      <f>1954.0849496398391</f>
      <cx>17.527401559216401</cx>
      <cy>12.342105011332364</cy>
    </calibration>
  </depth_map>
  <depth_map camera_id="30" level="2" path="2/d30.exr">
    <calibration type="frame">
      <resolution width="750" height="500"/>
      <f>977.04247481991956</f>
      <cx>8.7637007796082003</cx>
      <cy>6.1710525056661822</cy>
    </calibration>
  </depth_map>
  <depth_map camera_id="31" level="0" path="0/d31.exr">
    <calibration type="frame">
      <resolution width="3000" height="2000"/>
      <f>3534.7135234167367</f>
      <cx>0.7681930242404178</cx>
      <cy>28.548629724863758</cy>
    </calibration>
  </depth_map>
  <depth_map camera_id="31" level="1" path="1/d31.exr">
    <calibration type="frame">
      <resolution width="1500" height="1000"/>
      <f>1767.3567617083684</f>
      <cx>0.3840965121202089</cx>
      <cy>14.274314862431879</cy>
    </calibration>
  </depth_map>
  <depth_map camera_id="31" level="2" path="2/d31.exr">
    <calibration type="frame">
      <resolution width="750" height="500"/>
      <f>883.67838085418418</f>
      <cx>0.19204825606010445</cx>
      <cy>7.1371574312159396</cy>
    </calibration>
  </depth_map>
  <depth_map camera_id="32" level="0" path="0/d32.exr">
    <calibration type="frame">
      <resolution width="3000" height="2000"/>
      <f>3534.7135234167367</f>
      <cx>0.7681930242404178</cx>
      <cy>28.548629724863758</cy>
    </calibration>
  </depth_map>
  <depth_map camera_id="32" level="1" path="1/d32.exr">
    <calibration type="frame">
      <resolution width="1500" height="1000"/>
      <f>1767.3567617083684</f>
      <cx>0.3840965121202089</cx>
      <cy>14.274314862431879</cy>
    </calibration>
  </depth_map>
  <depth_map camera_id="32" level="2" path="2/d32.exr">
    <calibration type="frame">
      <resolution width="750" height="500"/>
      <f>883.67838085418418</f>
      <cx>0.19204825606010445</cx>
      <cy>7.1371574312159396</cy>
    </calibration>
  </depth_map>
  <depth_map camera_id="33" level="0" path="0/d33.exr">
    <calibration type="frame">
      <resolution width="3000" height="2000"/>
      <f>3534.7135234167367</f>
      <cx>0.7681930242404178</cx>
      <cy>28.548629724863758</cy>
    </calibration>
  </depth_map>
  <depth_map camera_id="33" level="1" path="1/d33.exr">
    <calibration type="frame">
      <resolution width="1500" height="1000"/>
      <f>1767.3567617083684</f>
      <cx>0.3840965121202089</cx>
      <cy>14.274314862431879</cy>
    </calibration>
  </depth_map>
  <depth_map camera_id="33" level="2" path="2/d33.exr">
    <calibration type="frame">
      <resolution width="750" height="500"/>
      <f>883.67838085418418</f>
      <cx>0.19204825606010445</cx>
      <cy>7.1371574312159396</cy>
    </calibration>
  </depth_map>
  <depth_map camera_id="34" level="0" path="0/d34.exr">
    <calibration type="frame">
      <resolution width="3000" height="2000"/>
      <f>3534.7135234167367</f>
      <cx>0.7681930242404178</cx>
      <cy>28.548629724863758</cy>
    </calibration>
  </depth_map>
  <depth_map camera_id="34" level="1" path="1/d34.exr">
    <calibration type="frame">
      <resolution width="1500" height="1000"/>
      <f>1767.3567617083684</f>
      <cx>0.3840965121202089</cx>
      <cy>14.274314862431879</cy>
    </calibration>
  </depth_map>
  <depth_map camera_id="34" level="2" path="2/d34.exr">
    <calibration type="frame">
      <resolution width="750" height="500"/>
      <f>883.67838085418418</f>
      <cx>0.19204825606010445</cx>
      <cy>7.1371574312159396</cy>
    </calibration>
  </depth_map>
  <depth_map camera_id="35" level="0" path="0/d35.exr">
    <calibration type="frame">
      <resolution width="3000" height="2000"/>
      <f>3534.7135234167367</f>
      <cx>0.7681930242404178</cx>
      <cy>28.548629724863758</cy>
    </calibration>
  </depth_map>
  <depth_map camera_id="35" level="1" path="1/d35.exr">
    <calibration type="frame">
      <resolution width="1500" height="1000"/>
      <f>1767.3567617083684</f>
      <cx>0.3840965121202089</cx>
      <cy>14.274314862431879</cy>
    </calibration>
  </depth_map>
  <depth_map camera_id="35" level="2" path="2/d35.exr">
    <calibration type="frame">
      <resolution width="750" height="500"/>
      <f>883.67838085418418</f>
      <cx>0.19204825606010445</cx>
      <cy>7.1371574312159396</cy>
    </calibration>
  </depth_map>
  <depth_map camera_id="36" level="0" path="0/d36.exr">
    <calibration type="frame">
      <resolution width="3000" height="2000"/>
      <f>3534.7135234167367</f>
      <cx>0.7681930242404178</cx>
      <cy>28.548629724863758</cy>
    </calibration>
  </depth_map>
  <depth_map camera_id="36" level="1" path="1/d36.exr">
    <calibration type="frame">
      <resolution width="1500" height="1000"/>
      <f>1767.3567617083684</f>
      <cx>0.3840965121202089</cx>
      <cy>14.274314862431879</cy>
    </calibration>
  </depth_map>
  <depth_map camera_id="36" level="2" path="2/d36.exr">
    <calibration type="frame">
      <resolution width="750" height="500"/>
      <f>883.67838085418418</f>
      <cx>0.19204825606010445</cx>
      <cy>7.1371574312159396</cy>
    </calibration>
  </depth_map>
  <depth_map camera_id="37" level="0" path="0/d37.exr">
    <calibration type="frame">
      <resolution width="3000" height="2000"/>
      <f>3534.7135234167367</f>
      <cx>0.7681930242404178</cx>
      <cy>28.548629724863758</cy>
    </calibration>
  </depth_map>
  <depth_map camera_id="37" level="1" path="1/d37.exr">
    <calibration type="frame">
      <resolution width="1500" height="1000"/>
      <f>1767.3567617083684</f>
      <cx>0.3840965121202089</cx>
      <cy>14.274314862431879</cy>
    </calibration>
  </depth_map>
  <depth_map camera_id="37" level="2" path="2/d37.exr">
    <calibration type="frame">
      <resolution width="750" height="500"/>
      <f>883.67838085418418</f>
      <cx>0.19204825606010445</cx>
      <cy>7.1371574312159396</cy>
    </calibration>
  </depth_map>
  <depth_map camera_id="38" level="0" path="0/d38.exr">
    <calibration type="frame">
      <resolution width="3000" height="2000"/>
      <f>3534.7135234167367</f>
      <cx>0.7681930242404178</cx>
      <cy>28.548629724863758</cy>
    </calibration>
  </depth_map>
  <depth_map camera_id="38" level="1" path="1/d38.exr">
    <calibration type="frame">
      <resolution width="1500" height="1000"/>
      <f>1767.3567617083684</f>
      <cx>0.3840965121202089</cx>
      <cy>14.274314862431879</cy>
    </calibration>
  </depth_map>
  <depth_map camera_id="38" level="2" path="2/d38.exr">
    <calibration type="frame">
      <resolution width="750" height="500"/>
      <f>883.67838085418418</f>
      <cx>0.19204825606010445</cx>
      <cy>7.1371574312159396</cy>
    </calibration>
  </depth_map>
  <depth_map camera_id="39" level="0" path="0/d39.exr">
    <calibration type="frame">
      <resolution width="3000" height="2000"/>
      <f>3534.7135234167367</f>
      <cx>0.7681930242404178</cx>
      <cy>28.548629724863758</cy>
    </calibration>
  </depth_map>
  <depth_map camera_id="39" level="1" path="1/d39.exr">
    <calibration type="frame">
      <resolution width="1500" height="1000"/>
      <f>1767.3567617083684</f>
      <cx>0.3840965121202089</cx>
      <cy>14.274314862431879</cy>
    </calibration>
  </depth_map>
  <depth_map camera_id="39" level="2" path="2/d39.exr">
    <calibration type="frame">
      <resolution width="750" height="500"/>
      <f>883.67838085418418</f>
      <cx>0.19204825606010445</cx>
      <cy>7.1371574312159396</cy>
    </calibration>
  </depth_map>
  <depth_map camera_id="40" level="0" path="0/d40.exr">
    <calibration type="frame">
      <resolution width="3000" height="2000"/>
      <f>3534.7135234167367</f>
      <cx>0.7681930242404178</cx>
      <cy>28.548629724863758</cy>
    </calibration>
  </depth_map>
  <depth_map camera_id="40" level="1" path="1/d40.exr">
    <calibration type="frame">
      <resolution width="1500" height="1000"/>
      <f>1767.3567617083684</f>
      <cx>0.3840965121202089</cx>
      <cy>14.274314862431879</cy>
    </calibration>
  </depth_map>
  <depth_map camera_id="40" level="2" path="2/d40.exr">
    <calibration type="frame">
      <resolution width="750" height="500"/>
      <f>883.67838085418418</f>
      <cx>0.19204825606010445</cx>
      <cy>7.1371574312159396</cy>
    </calibration>
  </depth_map>
  <depth_map camera_id="41" level="0" path="0/d41.exr">
    <calibration type="frame">
      <resolution width="3000" height="2000"/>
      <f>3534.7135234167367</f>
      <cx>0.7681930242404178</cx>
      <cy>28.548629724863758</cy>
    </calibration>
  </depth_map>
  <depth_map camera_id="41" level="1" path="1/d41.exr">
    <calibration type="frame">
      <resolution width="1500" height="1000"/>
      <f>1767.3567617083684</f>
      <cx>0.3840965121202089</cx>
      <cy>14.274314862431879</cy>
    </calibration>
  </depth_map>
  <depth_map camera_id="41" level="2" path="2/d41.exr">
    <calibration type="frame">
      <resolution width="750" height="500"/>
      <f>883.67838085418418</f>
      <cx>0.19204825606010445</cx>
      <cy>7.1371574312159396</cy>
    </calibration>
  </depth_map>
  <depth_map camera_id="42" level="0" path="0/d42.exr">
    <calibration type="frame">
      <resolution width="3000" height="2000"/>
      <f>3534.7135234167367</f>
      <cx>0.7681930242404178</cx>
      <cy>28.548629724863758</cy>
    </calibration>
  </depth_map>
  <depth_map camera_id="42" level="1" path="1/d42.exr">
    <calibration type="frame">
      <resolution width="1500" height="1000"/>
      <f>1767.3567617083684</f>
      <cx>0.3840965121202089</cx>
      <cy>14.274314862431879</cy>
    </calibration>
  </depth_map>
  <depth_map camera_id="42" level="2" path="2/d42.exr">
    <calibration type="frame">
      <resolution width="750" height="500"/>
      <f>883.67838085418418</f>
      <cx>0.19204825606010445</cx>
      <cy>7.1371574312159396</cy>
    </calibration>
  </depth_map>
  <depth_map camera_id="43" level="0" path="0/d43.exr">
    <calibration type="frame">
      <resolution width="3000" height="2000"/>
      <f>3534.7135234167367</f>
      <cx>0.7681930242404178</cx>
      <cy>28.548629724863758</cy>
    </calibration>
  </depth_map>
  <depth_map camera_id="43" level="1" path="1/d43.exr">
    <calibration type="frame">
      <resolution width="1500" height="1000"/>
      <f>1767.3567617083684</f>
      <cx>0.3840965121202089</cx>
      <cy>14.274314862431879</cy>
    </calibration>
  </depth_map>
  <depth_map camera_id="43" level="2" path="2/d43.exr">
    <calibration type="frame">
      <resolution width="750" height="500"/>
      <f>883.67838085418418</f>
      <cx>0.19204825606010445</cx>
      <cy>7.1371574312159396</cy>
    </calibration>
  </depth_map>
  <depth_map camera_id="44" level="0" path="0/d44.exr">
    <calibration type="frame">
      <resolution width="3000" height="2000"/>
      <f>2452.5695687424982</f>
      <cx>12.384086661498714</cx>
      <cy>22.4353259149525</cy>
    </calibration>
  </depth_map>
  <depth_map camera_id="44" level="1" path="1/d44.exr">
    <calibration type="frame">
      <resolution width="1500" height="1000"/>
      <f>1226.2847843712491</f>
      <cx>6.1920433307493568</cx>
      <cy>11.21766295747625</cy>
    </calibration>
  </depth_map>
  <depth_map camera_id="44" level="2" path="2/d44.exr">
    <calibration type="frame">
      <resolution width="750" height="500"/>
      <f>613.14239218562454</f>
      <cx>3.0960216653746784</cx>
      <cy>5.608831478738125</cy>
    </calibration>
  </depth_map>
  <depth_map camera_id="45" level="0" path="0/d45.exr">
    <calibration type="frame">
      <resolution width="3000" height="2000"/>
      <f>2452.5695687424982</f>
      <cx>12.384086661498714</cx>
      <cy>22.4353259149525</cy>
    </calibration>
  </depth_map>
  <depth_map camera_id="45" level="1" path="1/d45.exr">
    <calibration type="frame">
      <resolution width="1500" height="1000"/>
      <f>1226.2847843712491</f>
      <cx>6.1920433307493568</cx>
      <cy>11.21766295747625</cy>
    </calibration>
  </depth_map>
  <depth_map camera_id="45" level="2" path="2/d45.exr">
    <calibration type="frame">
      <resolution width="750" height="500"/>
      <f>613.14239218562454</f>
      <cx>3.0960216653746784</cx>
      <cy>5.608831478738125</cy>
    </calibration>
  </depth_map>
  <depth_map camera_id="46" level="0" path="0/d46.exr">
    <calibration type="frame">
      <resolution width="3000" height="2000"/>
      <f>2452.5695687424982</f>
      <cx>12.384086661498714</cx>
      <cy>22.4353259149525</cy>
    </calibration>
  </depth_map>
  <depth_map camera_id="46" level="1" path="1/d46.exr">
    <calibration type="frame">
      <resolution width="1500" height="1000"/>
      <f>1226.2847843712491</f>
      <cx>6.1920433307493568</cx>
      <cy>11.21766295747625</cy>
    </calibration>
  </depth_map>
  <depth_map camera_id="46" level="2" path="2/d46.exr">
    <calibration type="frame">
      <resolution width="750" height="500"/>
      <f>613.14239218562454</f>
      <cx>3.0960216653746784</cx>
      <cy>5.608831478738125</cy>
    </calibration>
  </depth_map>
  <depth_map camera_id="47" level="0" path="0/d47.exr">
    <calibration type="frame">
      <resolution width="3000" height="2000"/>
      <f>2452.5695687424982</f>
      <cx>12.384086661498714</cx>
      <cy>22.4353259149525</cy>
    </calibration>
  </depth_map>
  <depth_map camera_id="47" level="1" path="1/d47.exr">
    <calibration type="frame">
      <resolution width="1500" height="1000"/>
      <f>1226.2847843712491</f>
      <cx>6.1920433307493568</cx>
      <cy>11.21766295747625</cy>
    </calibration>
  </depth_map>
  <depth_map camera_id="47" level="2" path="2/d47.exr">
    <calibration type="frame">
      <resolution width="750" height="500"/>
      <f>613.14239218562454</f>
      <cx>3.0960216653746784</cx>
      <cy>5.608831478738125</cy>
    </calibration>
  </depth_map>
  <depth_map camera_id="48" level="0" path="0/d48.exr">
    <calibration type="frame">
      <resolution width="3000" height="2000"/>
      <f>2452.5695687424982</f>
      <cx>12.384086661498714</cx>
      <cy>22.4353259149525</cy>
    </calibration>
  </depth_map>
  <depth_map camera_id="48" level="1" path="1/d48.exr">
    <calibration type="frame">
      <resolution width="1500" height="1000"/>
      <f>1226.2847843712491</f>
      <cx>6.1920433307493568</cx>
      <cy>11.21766295747625</cy>
    </calibration>
  </depth_map>
  <depth_map camera_id="48" level="2" path="2/d48.exr">
    <calibration type="frame">
      <resolution width="750" height="500"/>
      <f>613.14239218562454</f>
      <cx>3.0960216653746784</cx>
      <cy>5.608831478738125</cy>
    </calibration>
  </depth_map>
  <depth_map camera_id="49" level="0" path="0/d49.exr">
    <calibration type="frame">
      <resolution width="3000" height="2000"/>
      <f>2452.5695687424982</f>
      <cx>12.384086661498714</cx>
      <cy>22.4353259149525</cy>
    </calibration>
  </depth_map>
  <depth_map camera_id="49" level="1" path="1/d49.exr">
    <calibration type="frame">
      <resolution width="1500" height="1000"/>
      <f>1226.2847843712491</f>
      <cx>6.1920433307493568</cx>
      <cy>11.21766295747625</cy>
    </calibration>
  </depth_map>
  <depth_map camera_id="49" level="2" path="2/d49.exr">
    <calibration type="frame">
      <resolution width="750" height="500"/>
      <f>613.14239218562454</f>
      <cx>3.0960216653746784</cx>
      <cy>5.608831478738125</cy>
    </calibration>
  </depth_map>
  <depth_map camera_id="51" level="0" path="0/d51.exr">
    <calibration type="frame">
      <resolution width="3000" height="2000"/>
      <f>2452.5695687424982</f>
      <cx>12.384086661498714</cx>
      <cy>22.4353259149525</cy>
    </calibration>
  </depth_map>
  <depth_map camera_id="51" level="1" path="1/d51.exr">
    <calibration type="frame">
      <resolution width="1500" height="1000"/>
      <f>1226.2847843712491</f>
      <cx>6.1920433307493568</cx>
      <cy>11.21766295747625</cy>
    </calibration>
  </depth_map>
  <depth_map camera_id="51" level="2" path="2/d51.exr">
    <calibration type="frame">
      <resolution width="750" height="500"/>
      <f>613.14239218562454</f>
      <cx>3.0960216653746784</cx>
      <cy>5.608831478738125</cy>
    </calibration>
  </depth_map>
  <depth_map camera_id="52" level="0" path="0/d52.exr">
    <calibration type="frame">
      <resolution width="3000" height="2000"/>
      <f>2452.5695687424982</f>
      <cx>12.384086661498714</cx>
      <cy>22.4353259149525</cy>
    </calibration>
  </depth_map>
  <depth_map camera_id="52" level="1" path="1/d52.exr">
    <calibration type="frame">
      <resolution width="1500" height="1000"/>
      <f>1226.2847843712491</f>
      <cx>6.1920433307493568</cx>
      <cy>11.21766295747625</cy>
    </calibration>
  </depth_map>
  <depth_map camera_id="52" level="2" path="2/d52.exr">
    <calibration type="frame">
      <resolution width="750" height="500"/>
      <f>613.14239218562454</f>
      <cx>3.0960216653746784</cx>
      <cy>5.608831478738125</cy>
    </calibration>
  </depth_map>
  <depth_map camera_id="53" level="0" path="0/d53.exr">
    <calibration type="frame">
      <resolution width="3000" height="2000"/>
      <f>2452.5695687424982</f>
      <cx>12.384086661498714</cx>
      <cy>22.4353259149525</cy>
    </calibration>
  </depth_map>
  <depth_map camera_id="53" level="1" path="1/d53.exr">
    <calibration type="frame">
      <resolution width="1500" height="1000"/>
      <f>1226.2847843712491</f>
      <cx>6.1920433307493568</cx>
      <cy>11.21766295747625</cy>
    </calibration>
  </depth_map>
  <depth_map camera_id="53" level="2" path="2/d53.exr">
    <calibration type="frame">
      <resolution width="750" height="500"/>
      <f>613.14239218562454</f>
      <cx>3.0960216653746784</cx>
      <cy>5.608831478738125</cy>
    </calibration>
  </depth_map>
  <depth_map camera_id="54" level="0" path="0/d54.exr">
    <calibration type="frame">
      <resolution width="3000" height="2000"/>
      <f>2452.5695687424982</f>
      <cx>12.384086661498714</cx>
      <cy>22.4353259149525</cy>
    </calibration>
  </depth_map>
  <depth_map camera_id="54" level="1" path="1/d54.exr">
    <calibration type="frame">
      <resolution width="1500" height="1000"/>
      <f>1226.2847843712491</f>
      <cx>6.1920433307493568</cx>
      <cy>11.21766295747625</cy>
    </calibration>
  </depth_map>
  <depth_map camera_id="54" level="2" path="2/d54.exr">
    <calibration type="frame">
      <resolution width="750" height="500"/>
      <f>613.14239218562454</f>
      <cx>3.0960216653746784</cx>
      <cy>5.608831478738125</cy>
    </calibration>
  </depth_map>
  <depth_map camera_id="55" level="0" path="0/d55.exr">
    <calibration type="frame">
      <resolution width="3000" height="2000"/>
      <f>2452.5695687424982</f>
      <cx>12.384086661498714</cx>
      <cy>22.4353259149525</cy>
    </calibration>
  </depth_map>
  <depth_map camera_id="55" level="1" path="1/d55.exr">
    <calibration type="frame">
      <resolution width="1500" height="1000"/>
      <f>1226.2847843712491</f>
      <cx>6.1920433307493568</cx>
      <cy>11.21766295747625</cy>
    </calibration>
  </depth_map>
  <depth_map camera_id="55" level="2" path="2/d55.exr">
    <calibration type="frame">
      <resolution width="750" height="500"/>
      <f>613.14239218562454</f>
      <cx>3.0960216653746784</cx>
      <cy>5.608831478738125</cy>
    </calibration>
  </depth_map>
  <depth_map camera_id="56" level="0" path="0/d56.exr">
    <calibration type="frame">
      <resolution width="3000" height="2000"/>
      <f>4360.0990122348849</f>
      <cx>40.574085593693781</cx>
      <cy>-8.4066165120151481</cy>
    </calibration>
  </depth_map>
  <depth_map camera_id="56" level="1" path="1/d56.exr">
    <calibration type="frame">
      <resolution width="1500" height="1000"/>
      <f>2180.0495061174424</f>
      <cx>20.28704279684689</cx>
      <cy>-4.2033082560075741</cy>
    </calibration>
  </depth_map>
  <depth_map camera_id="56" level="2" path="2/d56.exr">
    <calibration type="frame">
      <resolution width="750" height="500"/>
      <f>1090.0247530587212</f>
      <cx>10.143521398423445</cx>
      <cy>-2.101654128003787</cy>
    </calibration>
  </depth_map>
  <depth_map camera_id="57" level="0" path="0/d57.exr">
    <calibration type="frame">
      <resolution width="3000" height="2000"/>
      <f>2452.5695687424982</f>
      <cx>12.384086661498714</cx>
      <cy>22.4353259149525</cy>
    </calibration>
  </depth_map>
  <depth_map camera_id="57" level="1" path="1/d57.exr">
    <calibration type="frame">
      <resolution width="1500" height="1000"/>
      <f>1226.2847843712491</f>
      <cx>6.1920433307493568</cx>
      <cy>11.21766295747625</cy>
    </calibration>
  </depth_map>
  <depth_map camera_id="57" level="2" path="2/d57.exr">
    <calibration type="frame">
      <resolution width="750" height="500"/>
      <f>613.14239218562454</f>
      <cx>3.0960216653746784</cx>
      <cy>5.608831478738125</cy>
    </calibration>
  </depth_map>
  <depth_map camera_id="58" level="0" path="0/d58.exr">
    <calibration type="frame">
      <resolution width="3000" height="2000"/>
      <f>2452.5695687424982</f>
      <cx>12.384086661498714</cx>
      <cy>22.4353259149525</cy>
    </calibration>
  </depth_map>
  <depth_map camera_id="58" level="1" path="1/d58.exr">
    <calibration type="frame">
      <resolution width="1500" height="1000"/>
      <f>1226.2847843712491</f>
      <cx>6.1920433307493568</cx>
      <cy>11.21766295747625</cy>
    </calibration>
  </depth_map>
  <depth_map camera_id="58" level="2" path="2/d58.exr">
    <calibration type="frame">
      <resolution width="750" height="500"/>
      <f>613.14239218562454</f>
      <cx>3.0960216653746784</cx>
      <cy>5.608831478738125</cy>
    </calibration>
  </depth_map>
  <depth_map camera_id="59" level="0" path="0/d59.exr">
    <calibration type="frame">
      <resolution width="3000" height="2000"/>
      <f>2452.5695687424982</f>
      <cx>12.384086661498714</cx>
      <cy>22.4353259149525</cy>
    </calibration>
  </depth_map>
  <depth_map camera_id="59" level="1" path="1/d59.exr">
    <calibration type="frame">
      <resolution width="1500" height="1000"/>
      <f>1226.2847843712491</f>
      <cx>6.1920433307493568</cx>
      <cy>11.21766295747625</cy>
    </calibration>
  </depth_map>
  <depth_map camera_id="59" level="2" path="2/d59.exr">
    <calibration type="frame">
      <resolution width="750" height="500"/>
      <f>613.14239218562454</f>
      <cx>3.0960216653746784</cx>
      <cy>5.608831478738125</cy>
    </calibration>
  </depth_map>
  <depth_map camera_id="60" level="0" path="0/d60.exr">
    <calibration type="frame">
      <resolution width="3000" height="2000"/>
      <f>3160.9733011049489</f>
      <cx>32.273111399989375</cx>
      <cy>11.183870958134207</cy>
    </calibration>
  </depth_map>
  <depth_map camera_id="60" level="1" path="1/d60.exr">
    <calibration type="frame">
      <resolution width="1500" height="1000"/>
      <f>1580.4866505524744</f>
      <cx>16.136555699994688</cx>
      <cy>5.5919354790671036</cy>
    </calibration>
  </depth_map>
  <depth_map camera_id="60" level="2" path="2/d60.exr">
    <calibration type="frame">
      <resolution width="750" height="500"/>
      <f>790.24332527623721</f>
      <cx>8.0682778499973438</cx>
      <cy>2.7959677395335518</cy>
    </calibration>
  </depth_map>
</depth_maps>
