<?xml version="1.0" encoding="UTF-8"?>
<model version="1.2.0">
  <mesh path="mesh.ply">
    <faceCount>90278</faceCount>
    <vertexCount>46222</vertexCount>
    <hasVertexColors>true</hasVertexColors>
    <hasVertexConfidence>true</hasVertexConfidence>
    <hasUV>true</hasUV>
  </mesh>
  <texture path="texture.tif"/>
  <params>
    <dataType>uint8</dataType>
    <bands>
      <band label="Red"/>
      <band label="Green"/>
      <band label="Blue"/>
    </bands>
    <color>#ff8080b0</color>
  </params>
  <meta>
    <property name="BuildDepthMaps/downscale" value="2"/>
    <property name="BuildDepthMaps/duration" value="652.67633"/>
    <property name="BuildDepthMaps/filter_mode" value="0"/>
    <property name="BuildDepthMaps/max_neighbors" value="16"/>
    <property name="BuildDepthMaps/max_workgroup_size" value="100"/>
    <property name="BuildDepthMaps/reuse_depth" value="false"/>
    <property name="BuildDepthMaps/subdivide_task" value="true"/>
    <property name="BuildDepthMaps/workitem_size_cameras" value="20"/>
    <property name="BuildModel/duration" value="57.043333"/>
    <property name="BuildModel/face_count" value="2"/>
    <property name="BuildModel/face_count_custom" value="200000"/>
    <property name="BuildModel/interpolation" value="1"/>
    <property name="BuildModel/iters_max_level" value="13"/>
    <property name="BuildModel/keep_depth" value="true"/>
    <property name="BuildModel/max_workgroup_size" value="100"/>
    <property name="BuildModel/ram_used" value="1070350336"/>
    <property name="BuildModel/source_data" value="6"/>
    <property name="BuildModel/subdivide_task" value="true"/>
    <property name="BuildModel/surface_type" value="0"/>
    <property name="BuildModel/trimming_radius" value="10"/>
    <property name="BuildModel/vertex_colors" value="true"/>
    <property name="BuildModel/vertex_confidence" value="true"/>
    <property name="BuildModel/volumetric_masks" value="false"/>
    <property name="BuildModel/workitem_size_cameras" value="20"/>
    <property name="BuildTexture/blending_mode" value="3"/>
    <property name="BuildTexture/duration" value="118.087515"/>
    <property name="BuildTexture/fill_holes" value="true"/>
    <property name="BuildTexture/ghosting_filter" value="true"/>
    <property name="BuildTexture/ram_used" value="2310701056"/>
    <property name="BuildTexture/source_model" value="4294967295"/>
    <property name="BuildTexture/texture_size" value="8192"/>
    <property name="BuildTexture/texture_type" value="0"/>
    <property name="BuildTexture/transfer_texture" value="false"/>
    <property name="BuildUV/camera" value="4294967295"/>
    <property name="BuildUV/duration" value="8.762264"/>
    <property name="BuildUV/mapping_mode" value="1"/>
    <property name="BuildUV/page_count" value="1"/>
    <property name="BuildUV/ram_used" value="528039936"/>
    <property name="BuildUV/texture_size" value="8192"/>
    <property name="Info/LastSavedDateTime" value="2023:11:30 17:11:17"/>
    <property name="Info/LastSavedSoftwareVersion" value="2.0.3.16960"/>
    <property name="Info/OriginalDateTime" value="2023:11:29 21:43:56"/>
    <property name="Info/OriginalSoftwareVersion" value="2.0.3.16960"/>
  </meta>
</model>
