<?xml version="1.0" encoding="UTF-8"?>
<point_cloud version="1.2.0">
  <params>
    <dataType>uint8</dataType>
    <bands>
      <band label="Red"/>
      <band label="Green"/>
      <band label="Blue"/>
    </bands>
  </params>
  <tracks path="tracks.ply" count="17784"/>
  <points component_id="0" path="points0.ply" count="11599"/>
  <projections camera_id="0" path="p0.ply" count="1336"/>
  <projections camera_id="1" path="p1.ply" count="1724"/>
  <projections camera_id="2" path="p2.ply" count="1164"/>
  <projections camera_id="3" path="p3.ply" count="1803"/>
  <projections camera_id="4" path="p4.ply" count="1504"/>
  <projections camera_id="5" path="p5.ply" count="1756"/>
  <projections camera_id="6" path="p6.ply" count="1449"/>
  <projections camera_id="7" path="p7.ply" count="1479"/>
  <projections camera_id="8" path="p8.ply" count="1240"/>
  <projections camera_id="9" path="p9.ply" count="74"/>
  <projections camera_id="10" path="p10.ply" count="776"/>
  <projections camera_id="11" path="p11.ply" count="1305"/>
  <projections camera_id="12" path="p12.ply" count="777"/>
  <projections camera_id="13" path="p13.ply" count="795"/>
  <projections camera_id="14" path="p14.ply" count="1298"/>
  <projections camera_id="15" path="p15.ply" count="2156"/>
  <projections camera_id="16" path="p16.ply" count="2345"/>
  <projections camera_id="17" path="p17.ply" count="920"/>
  <projections camera_id="18" path="p18.ply" count="828"/>
  <projections camera_id="19" path="p19.ply" count="634"/>
  <projections camera_id="20" path="p20.ply" count="820"/>
  <projections camera_id="21" path="p21.ply" count="812"/>
  <projections camera_id="22" path="p22.ply" count="1010"/>
  <projections camera_id="23" path="p23.ply" count="769"/>
  <projections camera_id="24" path="p24.ply" count="740"/>
  <projections camera_id="25" path="p25.ply" count="1596"/>
  <projections camera_id="26" path="p26.ply" count="1663"/>
  <projections camera_id="27" path="p27.ply" count="1138"/>
  <projections camera_id="28" path="p28.ply" count="1281"/>
  <projections camera_id="29" path="p29.ply" count="872"/>
  <projections camera_id="30" path="p30.ply" count="1040"/>
  <projections camera_id="31" path="p31.ply" count="1576"/>
  <projections camera_id="32" path="p32.ply" count="1614"/>
  <projections camera_id="33" path="p33.ply" count="720"/>
  <projections camera_id="34" path="p34.ply" count="492"/>
  <projections camera_id="35" path="p35.ply" count="715"/>
  <projections camera_id="36" path="p36.ply" count="71"/>
  <projections camera_id="37" path="p37.ply" count="570"/>
  <projections camera_id="38" path="p38.ply" count="772"/>
  <projections camera_id="39" path="p39.ply" count="857"/>
  <projections camera_id="40" path="p40.ply" count="1311"/>
  <projections camera_id="41" path="p41.ply" count="965"/>
  <projections camera_id="42" path="p42.ply" count="835"/>
  <projections camera_id="43" path="p43.ply" count="513"/>
  <projections camera_id="44" path="p44.ply" count="669"/>
  <projections camera_id="45" path="p45.ply" count="1014"/>
  <meta>
    <property name="Info/LastSavedDateTime" value="2023:10:31 15:19:27"/>
    <property name="Info/LastSavedSoftwareVersion" value="2.0.3.16960"/>
    <property name="Info/OriginalDateTime" value="2023:10:31 15:07:28"/>
    <property name="Info/OriginalSoftwareVersion" value="2.0.3.16960"/>
    <property name="MatchPhotos/cameras" value=""/>
    <property name="MatchPhotos/descriptor_type" value="binary"/>
    <property name="MatchPhotos/descriptor_version" value="1.1.0"/>
    <property name="MatchPhotos/downscale" value="2"/>
    <property name="MatchPhotos/duration" value="8.997907"/>
    <property name="MatchPhotos/filter_stationary_points" value="true"/>
    <property name="MatchPhotos/generic_preselection" value="true"/>
    <property name="MatchPhotos/guided_matching" value="false"/>
    <property name="MatchPhotos/keep_keypoints" value="false"/>
    <property name="MatchPhotos/keypoint_limit" value="40000"/>
    <property name="MatchPhotos/keypoint_limit_per_mpx" value="1000"/>
    <property name="MatchPhotos/max_workgroup_size" value="100"/>
    <property name="MatchPhotos/ram_used" value="106151936"/>
    <property name="MatchPhotos/reference_preselection" value="false"/>
    <property name="MatchPhotos/reference_preselection_mode" value="1"/>
    <property name="MatchPhotos/reset_matches" value="false"/>
    <property name="MatchPhotos/subdivide_task" value="true"/>
    <property name="MatchPhotos/tiepoint_limit" value="4000"/>
    <property name="MatchPhotos/workitem_size_cameras" value="20"/>
    <property name="MatchPhotos/workitem_size_pairs" value="80"/>
  </meta>
</point_cloud>
