<?xml version="1.0" encoding="UTF-8"?>
<depth_maps version="1.5.0">
  <depth_map camera_id="0" level="0" path="0/d0.exr">
    <calibration type="frame">
      <resolution width="1008" height="756"/>
      <f>811.33896437665521</f>
      <cx>7.6743320013370067</cx>
      <cy>-5.3648101009492279</cy>
    </calibration>
  </depth_map>
  <depth_map camera_id="0" level="1" path="1/d0.exr">
    <calibration type="frame">
      <resolution width="504" height="378"/>
      <f>405.66948218832761</f>
      <cx>3.8371660006685033</cx>
      <cy>-2.682405050474614</cy>
    </calibration>
  </depth_map>
  <depth_map camera_id="0" level="2" path="2/d0.exr">
    <calibration type="frame">
      <resolution width="252" height="189"/>
      <f>202.8347410941638</f>
      <cx>1.9185830003342517</cx>
      <cy>-1.341202525237307</cy>
    </calibration>
  </depth_map>
  <depth_map camera_id="1" level="0" path="0/d1.exr">
    <calibration type="frame">
      <resolution width="1008" height="756"/>
      <f>811.33896437665521</f>
      <cx>7.6743320013370067</cx>
      <cy>-5.3648101009492279</cy>
    </calibration>
  </depth_map>
  <depth_map camera_id="1" level="1" path="1/d1.exr">
    <calibration type="frame">
      <resolution width="504" height="378"/>
      <f>405.66948218832761</f>
      <cx>3.8371660006685033</cx>
      <cy>-2.682405050474614</cy>
    </calibration>
  </depth_map>
  <depth_map camera_id="1" level="2" path="2/d1.exr">
    <calibration type="frame">
      <resolution width="252" height="189"/>
      <f>202.8347410941638</f>
      <cx>1.9185830003342517</cx>
      <cy>-1.341202525237307</cy>
    </calibration>
  </depth_map>
  <depth_map camera_id="2" level="0" path="0/d2.exr">
    <calibration type="frame">
      <resolution width="1008" height="756"/>
      <f>811.33896437665521</f>
      <cx>7.6743320013370067</cx>
      <cy>-5.3648101009492279</cy>
    </calibration>
  </depth_map>
  <depth_map camera_id="2" level="1" path="1/d2.exr">
    <calibration type="frame">
      <resolution width="504" height="378"/>
      <f>405.66948218832761</f>
      <cx>3.8371660006685033</cx>
      <cy>-2.682405050474614</cy>
    </calibration>
  </depth_map>
  <depth_map camera_id="2" level="2" path="2/d2.exr">
    <calibration type="frame">
      <resolution width="252" height="189"/>
      <f>202.8347410941638</f>
      <cx>1.9185830003342517</cx>
      <cy>-1.341202525237307</cy>
    </calibration>
  </depth_map>
  <depth_map camera_id="3" level="0" path="0/d3.exr">
    <calibration type="frame">
      <resolution width="1008" height="756"/>
      <f>811.33896437665521</f>
      <cx>7.6743320013370067</cx>
      <cy>-5.3648101009492279</cy>
    </calibration>
  </depth_map>
  <depth_map camera_id="3" level="1" path="1/d3.exr">
    <calibration type="frame">
      <resolution width="504" height="378"/>
      <f>405.66948218832761</f>
      <cx>3.8371660006685033</cx>
      <cy>-2.682405050474614</cy>
    </calibration>
  </depth_map>
  <depth_map camera_id="3" level="2" path="2/d3.exr">
    <calibration type="frame">
      <resolution width="252" height="189"/>
      <f>202.8347410941638</f>
      <cx>1.9185830003342517</cx>
      <cy>-1.341202525237307</cy>
    </calibration>
  </depth_map>
  <depth_map camera_id="4" level="0" path="0/d4.exr">
    <calibration type="frame">
      <resolution width="1008" height="756"/>
      <f>811.33896437665521</f>
      <cx>7.6743320013370067</cx>
      <cy>-5.3648101009492279</cy>
    </calibration>
  </depth_map>
  <depth_map camera_id="4" level="1" path="1/d4.exr">
    <calibration type="frame">
      <resolution width="504" height="378"/>
      <f>405.66948218832761</f>
      <cx>3.8371660006685033</cx>
      <cy>-2.682405050474614</cy>
    </calibration>
  </depth_map>
  <depth_map camera_id="4" level="2" path="2/d4.exr">
    <calibration type="frame">
      <resolution width="252" height="189"/>
      <f>202.8347410941638</f>
      <cx>1.9185830003342517</cx>
      <cy>-1.341202525237307</cy>
    </calibration>
  </depth_map>
  <depth_map camera_id="5" level="0" path="0/d5.exr">
    <calibration type="frame">
      <resolution width="1008" height="756"/>
      <f>811.33896437665521</f>
      <cx>7.6743320013370067</cx>
      <cy>-5.3648101009492279</cy>
    </calibration>
  </depth_map>
  <depth_map camera_id="5" level="1" path="1/d5.exr">
    <calibration type="frame">
      <resolution width="504" height="378"/>
      <f>405.66948218832761</f>
      <cx>3.8371660006685033</cx>
      <cy>-2.682405050474614</cy>
    </calibration>
  </depth_map>
  <depth_map camera_id="5" level="2" path="2/d5.exr">
    <calibration type="frame">
      <resolution width="252" height="189"/>
      <f>202.8347410941638</f>
      <cx>1.9185830003342517</cx>
      <cy>-1.341202525237307</cy>
    </calibration>
  </depth_map>
  <depth_map camera_id="6" level="0" path="0/d6.exr">
    <calibration type="frame">
      <resolution width="1008" height="756"/>
      <f>811.33896437665521</f>
      <cx>7.6743320013370067</cx>
      <cy>-5.3648101009492279</cy>
    </calibration>
  </depth_map>
  <depth_map camera_id="6" level="1" path="1/d6.exr">
    <calibration type="frame">
      <resolution width="504" height="378"/>
      <f>405.66948218832761</f>
      <cx>3.8371660006685033</cx>
      <cy>-2.682405050474614</cy>
    </calibration>
  </depth_map>
  <depth_map camera_id="6" level="2" path="2/d6.exr">
    <calibration type="frame">
      <resolution width="252" height="189"/>
      <f>202.8347410941638</f>
      <cx>1.9185830003342517</cx>
      <cy>-1.341202525237307</cy>
    </calibration>
  </depth_map>
  <depth_map camera_id="7" level="0" path="0/d7.exr">
    <calibration type="frame">
      <resolution width="1008" height="756"/>
      <f>811.33896437665521</f>
      <cx>7.6743320013370067</cx>
      <cy>-5.3648101009492279</cy>
    </calibration>
  </depth_map>
  <depth_map camera_id="7" level="1" path="1/d7.exr">
    <calibration type="frame">
      <resolution width="504" height="378"/>
      <f>405.66948218832761</f>
      <cx>3.8371660006685033</cx>
      <cy>-2.682405050474614</cy>
    </calibration>
  </depth_map>
  <depth_map camera_id="7" level="2" path="2/d7.exr">
    <calibration type="frame">
      <resolution width="252" height="189"/>
      <f>202.8347410941638</f>
      <cx>1.9185830003342517</cx>
      <cy>-1.341202525237307</cy>
    </calibration>
  </depth_map>
  <depth_map camera_id="8" level="0" path="0/d8.exr">
    <calibration type="frame">
      <resolution width="1008" height="756"/>
      <f>811.33896437665521</f>
      <cx>7.6743320013370067</cx>
      <cy>-5.3648101009492279</cy>
    </calibration>
  </depth_map>
  <depth_map camera_id="8" level="1" path="1/d8.exr">
    <calibration type="frame">
      <resolution width="504" height="378"/>
      <f>405.66948218832761</f>
      <cx>3.8371660006685033</cx>
      <cy>-2.682405050474614</cy>
    </calibration>
  </depth_map>
  <depth_map camera_id="8" level="2" path="2/d8.exr">
    <calibration type="frame">
      <resolution width="252" height="189"/>
      <f>202.8347410941638</f>
      <cx>1.9185830003342517</cx>
      <cy>-1.341202525237307</cy>
    </calibration>
  </depth_map>
  <depth_map camera_id="9" level="0" path="0/d9.exr">
    <calibration type="frame">
      <resolution width="1008" height="756"/>
      <f>811.33896437665521</f>
      <cx>7.6743320013370067</cx>
      <cy>-5.3648101009492279</cy>
    </calibration>
  </depth_map>
  <depth_map camera_id="9" level="1" path="1/d9.exr">
    <calibration type="frame">
      <resolution width="504" height="378"/>
      <f>405.66948218832761</f>
      <cx>3.8371660006685033</cx>
      <cy>-2.682405050474614</cy>
    </calibration>
  </depth_map>
  <depth_map camera_id="9" level="2" path="2/d9.exr">
    <calibration type="frame">
      <resolution width="252" height="189"/>
      <f>202.8347410941638</f>
      <cx>1.9185830003342517</cx>
      <cy>-1.341202525237307</cy>
    </calibration>
  </depth_map>
  <depth_map camera_id="10" level="0" path="0/d10.exr">
    <calibration type="frame">
      <resolution width="1008" height="756"/>
      <f>811.33896437665521</f>
      <cx>7.6743320013370067</cx>
      <cy>-5.3648101009492279</cy>
    </calibration>
  </depth_map>
  <depth_map camera_id="10" level="1" path="1/d10.exr">
    <calibration type="frame">
      <resolution width="504" height="378"/>
      <f>405.66948218832761</f>
      <cx>3.8371660006685033</cx>
      <cy>-2.682405050474614</cy>
    </calibration>
  </depth_map>
  <depth_map camera_id="10" level="2" path="2/d10.exr">
    <calibration type="frame">
      <resolution width="252" height="189"/>
      <f>202.8347410941638</f>
      <cx>1.9185830003342517</cx>
      <cy>-1.341202525237307</cy>
    </calibration>
  </depth_map>
  <depth_map camera_id="11" level="0" path="0/d11.exr">
    <calibration type="frame">
      <resolution width="1008" height="756"/>
      <f>811.33896437665521</f>
      <cx>7.6743320013370067</cx>
      <cy>-5.3648101009492279</cy>
    </calibration>
  </depth_map>
  <depth_map camera_id="11" level="1" path="1/d11.exr">
    <calibration type="frame">
      <resolution width="504" height="378"/>
      <f>405.66948218832761</f>
      <cx>3.8371660006685033</cx>
      <cy>-2.682405050474614</cy>
    </calibration>
  </depth_map>
  <depth_map camera_id="11" level="2" path="2/d11.exr">
    <calibration type="frame">
      <resolution width="252" height="189"/>
      <f>202.8347410941638</f>
      <cx>1.9185830003342517</cx>
      <cy>-1.341202525237307</cy>
    </calibration>
  </depth_map>
  <depth_map camera_id="12" level="0" path="0/d12.exr">
    <calibration type="frame">
      <resolution width="1008" height="756"/>
      <f>811.33896437665521</f>
      <cx>7.6743320013370067</cx>
      <cy>-5.3648101009492279</cy>
    </calibration>
  </depth_map>
  <depth_map camera_id="12" level="1" path="1/d12.exr">
    <calibration type="frame">
      <resolution width="504" height="378"/>
      <f>405.66948218832761</f>
      <cx>3.8371660006685033</cx>
      <cy>-2.682405050474614</cy>
    </calibration>
  </depth_map>
  <depth_map camera_id="12" level="2" path="2/d12.exr">
    <calibration type="frame">
      <resolution width="252" height="189"/>
      <f>202.8347410941638</f>
      <cx>1.9185830003342517</cx>
      <cy>-1.341202525237307</cy>
    </calibration>
  </depth_map>
  <depth_map camera_id="13" level="0" path="0/d13.exr">
    <calibration type="frame">
      <resolution width="1008" height="756"/>
      <f>811.33896437665521</f>
      <cx>7.6743320013370067</cx>
      <cy>-5.3648101009492279</cy>
    </calibration>
  </depth_map>
  <depth_map camera_id="13" level="1" path="1/d13.exr">
    <calibration type="frame">
      <resolution width="504" height="378"/>
      <f>405.66948218832761</f>
      <cx>3.8371660006685033</cx>
      <cy>-2.682405050474614</cy>
    </calibration>
  </depth_map>
  <depth_map camera_id="13" level="2" path="2/d13.exr">
    <calibration type="frame">
      <resolution width="252" height="189"/>
      <f>202.8347410941638</f>
      <cx>1.9185830003342517</cx>
      <cy>-1.341202525237307</cy>
    </calibration>
  </depth_map>
  <depth_map camera_id="14" level="0" path="0/d14.exr">
    <calibration type="frame">
      <resolution width="1008" height="756"/>
      <f>811.33896437665521</f>
      <cx>7.6743320013370067</cx>
      <cy>-5.3648101009492279</cy>
    </calibration>
  </depth_map>
  <depth_map camera_id="14" level="1" path="1/d14.exr">
    <calibration type="frame">
      <resolution width="504" height="378"/>
      <f>405.66948218832761</f>
      <cx>3.8371660006685033</cx>
      <cy>-2.682405050474614</cy>
    </calibration>
  </depth_map>
  <depth_map camera_id="14" level="2" path="2/d14.exr">
    <calibration type="frame">
      <resolution width="252" height="189"/>
      <f>202.8347410941638</f>
      <cx>1.9185830003342517</cx>
      <cy>-1.341202525237307</cy>
    </calibration>
  </depth_map>
  <depth_map camera_id="15" level="0" path="0/d15.exr">
    <calibration type="frame">
      <resolution width="1008" height="756"/>
      <f>811.33896437665521</f>
      <cx>7.6743320013370067</cx>
      <cy>-5.3648101009492279</cy>
    </calibration>
  </depth_map>
  <depth_map camera_id="15" level="1" path="1/d15.exr">
    <calibration type="frame">
      <resolution width="504" height="378"/>
      <f>405.66948218832761</f>
      <cx>3.8371660006685033</cx>
      <cy>-2.682405050474614</cy>
    </calibration>
  </depth_map>
  <depth_map camera_id="15" level="2" path="2/d15.exr">
    <calibration type="frame">
      <resolution width="252" height="189"/>
      <f>202.8347410941638</f>
      <cx>1.9185830003342517</cx>
      <cy>-1.341202525237307</cy>
    </calibration>
  </depth_map>
  <depth_map camera_id="16" level="0" path="0/d16.exr">
    <calibration type="frame">
      <resolution width="1008" height="756"/>
      <f>811.33896437665521</f>
      <cx>7.6743320013370067</cx>
      <cy>-5.3648101009492279</cy>
    </calibration>
  </depth_map>
  <depth_map camera_id="16" level="1" path="1/d16.exr">
    <calibration type="frame">
      <resolution width="504" height="378"/>
      <f>405.66948218832761</f>
      <cx>3.8371660006685033</cx>
      <cy>-2.682405050474614</cy>
    </calibration>
  </depth_map>
  <depth_map camera_id="16" level="2" path="2/d16.exr">
    <calibration type="frame">
      <resolution width="252" height="189"/>
      <f>202.8347410941638</f>
      <cx>1.9185830003342517</cx>
      <cy>-1.341202525237307</cy>
    </calibration>
  </depth_map>
  <depth_map camera_id="17" level="0" path="0/d17.exr">
    <calibration type="frame">
      <resolution width="1008" height="756"/>
      <f>811.33896437665521</f>
      <cx>7.6743320013370067</cx>
      <cy>-5.3648101009492279</cy>
    </calibration>
  </depth_map>
  <depth_map camera_id="17" level="1" path="1/d17.exr">
    <calibration type="frame">
      <resolution width="504" height="378"/>
      <f>405.66948218832761</f>
      <cx>3.8371660006685033</cx>
      <cy>-2.682405050474614</cy>
    </calibration>
  </depth_map>
  <depth_map camera_id="17" level="2" path="2/d17.exr">
    <calibration type="frame">
      <resolution width="252" height="189"/>
      <f>202.8347410941638</f>
      <cx>1.9185830003342517</cx>
      <cy>-1.341202525237307</cy>
    </calibration>
  </depth_map>
  <depth_map camera_id="18" level="0" path="0/d18.exr">
    <calibration type="frame">
      <resolution width="1008" height="756"/>
      <f>811.33896437665521</f>
      <cx>7.6743320013370067</cx>
      <cy>-5.3648101009492279</cy>
    </calibration>
  </depth_map>
  <depth_map camera_id="18" level="1" path="1/d18.exr">
    <calibration type="frame">
      <resolution width="504" height="378"/>
      <f>405.66948218832761</f>
      <cx>3.8371660006685033</cx>
      <cy>-2.682405050474614</cy>
    </calibration>
  </depth_map>
  <depth_map camera_id="18" level="2" path="2/d18.exr">
    <calibration type="frame">
      <resolution width="252" height="189"/>
      <f>202.8347410941638</f>
      <cx>1.9185830003342517</cx>
      <cy>-1.341202525237307</cy>
    </calibration>
  </depth_map>
  <depth_map camera_id="19" level="0" path="0/d19.exr">
    <calibration type="frame">
      <resolution width="1008" height="756"/>
      <f>811.33896437665521</f>
      <cx>7.6743320013370067</cx>
      <cy>-5.3648101009492279</cy>
    </calibration>
  </depth_map>
  <depth_map camera_id="19" level="1" path="1/d19.exr">
    <calibration type="frame">
      <resolution width="504" height="378"/>
      <f>405.66948218832761</f>
      <cx>3.8371660006685033</cx>
      <cy>-2.682405050474614</cy>
    </calibration>
  </depth_map>
  <depth_map camera_id="19" level="2" path="2/d19.exr">
    <calibration type="frame">
      <resolution width="252" height="189"/>
      <f>202.8347410941638</f>
      <cx>1.9185830003342517</cx>
      <cy>-1.341202525237307</cy>
    </calibration>
  </depth_map>
  <depth_map camera_id="20" level="0" path="0/d20.exr">
    <calibration type="frame">
      <resolution width="1008" height="756"/>
      <f>811.33896437665521</f>
      <cx>7.6743320013370067</cx>
      <cy>-5.3648101009492279</cy>
    </calibration>
  </depth_map>
  <depth_map camera_id="20" level="1" path="1/d20.exr">
    <calibration type="frame">
      <resolution width="504" height="378"/>
      <f>405.66948218832761</f>
      <cx>3.8371660006685033</cx>
      <cy>-2.682405050474614</cy>
    </calibration>
  </depth_map>
  <depth_map camera_id="20" level="2" path="2/d20.exr">
    <calibration type="frame">
      <resolution width="252" height="189"/>
      <f>202.8347410941638</f>
      <cx>1.9185830003342517</cx>
      <cy>-1.341202525237307</cy>
    </calibration>
  </depth_map>
  <depth_map camera_id="21" level="0" path="0/d21.exr">
    <calibration type="frame">
      <resolution width="1008" height="756"/>
      <f>811.33896437665521</f>
      <cx>7.6743320013370067</cx>
      <cy>-5.3648101009492279</cy>
    </calibration>
  </depth_map>
  <depth_map camera_id="21" level="1" path="1/d21.exr">
    <calibration type="frame">
      <resolution width="504" height="378"/>
      <f>405.66948218832761</f>
      <cx>3.8371660006685033</cx>
      <cy>-2.682405050474614</cy>
    </calibration>
  </depth_map>
  <depth_map camera_id="21" level="2" path="2/d21.exr">
    <calibration type="frame">
      <resolution width="252" height="189"/>
      <f>202.8347410941638</f>
      <cx>1.9185830003342517</cx>
      <cy>-1.341202525237307</cy>
    </calibration>
  </depth_map>
  <depth_map camera_id="22" level="0" path="0/d22.exr">
    <calibration type="frame">
      <resolution width="1008" height="756"/>
      <f>811.33896437665521</f>
      <cx>7.6743320013370067</cx>
      <cy>-5.3648101009492279</cy>
    </calibration>
  </depth_map>
  <depth_map camera_id="22" level="1" path="1/d22.exr">
    <calibration type="frame">
      <resolution width="504" height="378"/>
      <f>405.66948218832761</f>
      <cx>3.8371660006685033</cx>
      <cy>-2.682405050474614</cy>
    </calibration>
  </depth_map>
  <depth_map camera_id="22" level="2" path="2/d22.exr">
    <calibration type="frame">
      <resolution width="252" height="189"/>
      <f>202.8347410941638</f>
      <cx>1.9185830003342517</cx>
      <cy>-1.341202525237307</cy>
    </calibration>
  </depth_map>
  <depth_map camera_id="23" level="0" path="0/d23.exr">
    <calibration type="frame">
      <resolution width="1008" height="756"/>
      <f>811.33896437665521</f>
      <cx>7.6743320013370067</cx>
      <cy>-5.3648101009492279</cy>
    </calibration>
  </depth_map>
  <depth_map camera_id="23" level="1" path="1/d23.exr">
    <calibration type="frame">
      <resolution width="504" height="378"/>
      <f>405.66948218832761</f>
      <cx>3.8371660006685033</cx>
      <cy>-2.682405050474614</cy>
    </calibration>
  </depth_map>
  <depth_map camera_id="23" level="2" path="2/d23.exr">
    <calibration type="frame">
      <resolution width="252" height="189"/>
      <f>202.8347410941638</f>
      <cx>1.9185830003342517</cx>
      <cy>-1.341202525237307</cy>
    </calibration>
  </depth_map>
  <depth_map camera_id="24" level="0" path="0/d24.exr">
    <calibration type="frame">
      <resolution width="1008" height="756"/>
      <f>811.33896437665521</f>
      <cx>7.6743320013370067</cx>
      <cy>-5.3648101009492279</cy>
    </calibration>
  </depth_map>
  <depth_map camera_id="24" level="1" path="1/d24.exr">
    <calibration type="frame">
      <resolution width="504" height="378"/>
      <f>405.66948218832761</f>
      <cx>3.8371660006685033</cx>
      <cy>-2.682405050474614</cy>
    </calibration>
  </depth_map>
  <depth_map camera_id="24" level="2" path="2/d24.exr">
    <calibration type="frame">
      <resolution width="252" height="189"/>
      <f>202.8347410941638</f>
      <cx>1.9185830003342517</cx>
      <cy>-1.341202525237307</cy>
    </calibration>
  </depth_map>
  <depth_map camera_id="25" level="0" path="0/d25.exr">
    <calibration type="frame">
      <resolution width="1008" height="756"/>
      <f>811.33896437665521</f>
      <cx>7.6743320013370067</cx>
      <cy>-5.3648101009492279</cy>
    </calibration>
  </depth_map>
  <depth_map camera_id="25" level="1" path="1/d25.exr">
    <calibration type="frame">
      <resolution width="504" height="378"/>
      <f>405.66948218832761</f>
      <cx>3.8371660006685033</cx>
      <cy>-2.682405050474614</cy>
    </calibration>
  </depth_map>
  <depth_map camera_id="25" level="2" path="2/d25.exr">
    <calibration type="frame">
      <resolution width="252" height="189"/>
      <f>202.8347410941638</f>
      <cx>1.9185830003342517</cx>
      <cy>-1.341202525237307</cy>
    </calibration>
  </depth_map>
  <depth_map camera_id="26" level="0" path="0/d26.exr">
    <calibration type="frame">
      <resolution width="1008" height="756"/>
      <f>811.33896437665521</f>
      <cx>7.6743320013370067</cx>
      <cy>-5.3648101009492279</cy>
    </calibration>
  </depth_map>
  <depth_map camera_id="26" level="1" path="1/d26.exr">
    <calibration type="frame">
      <resolution width="504" height="378"/>
      <f>405.66948218832761</f>
      <cx>3.8371660006685033</cx>
      <cy>-2.682405050474614</cy>
    </calibration>
  </depth_map>
  <depth_map camera_id="26" level="2" path="2/d26.exr">
    <calibration type="frame">
      <resolution width="252" height="189"/>
      <f>202.8347410941638</f>
      <cx>1.9185830003342517</cx>
      <cy>-1.341202525237307</cy>
    </calibration>
  </depth_map>
  <depth_map camera_id="27" level="0" path="0/d27.exr">
    <calibration type="frame">
      <resolution width="1008" height="756"/>
      <f>811.33896437665521</f>
      <cx>7.6743320013370067</cx>
      <cy>-5.3648101009492279</cy>
    </calibration>
  </depth_map>
  <depth_map camera_id="27" level="1" path="1/d27.exr">
    <calibration type="frame">
      <resolution width="504" height="378"/>
      <f>405.66948218832761</f>
      <cx>3.8371660006685033</cx>
      <cy>-2.682405050474614</cy>
    </calibration>
  </depth_map>
  <depth_map camera_id="27" level="2" path="2/d27.exr">
    <calibration type="frame">
      <resolution width="252" height="189"/>
      <f>202.8347410941638</f>
      <cx>1.9185830003342517</cx>
      <cy>-1.341202525237307</cy>
    </calibration>
  </depth_map>
  <depth_map camera_id="28" level="0" path="0/d28.exr">
    <calibration type="frame">
      <resolution width="1008" height="756"/>
      <f>811.33896437665521</f>
      <cx>7.6743320013370067</cx>
      <cy>-5.3648101009492279</cy>
    </calibration>
  </depth_map>
  <depth_map camera_id="28" level="1" path="1/d28.exr">
    <calibration type="frame">
      <resolution width="504" height="378"/>
      <f>405.66948218832761</f>
      <cx>3.8371660006685033</cx>
      <cy>-2.682405050474614</cy>
    </calibration>
  </depth_map>
  <depth_map camera_id="28" level="2" path="2/d28.exr">
    <calibration type="frame">
      <resolution width="252" height="189"/>
      <f>202.8347410941638</f>
      <cx>1.9185830003342517</cx>
      <cy>-1.341202525237307</cy>
    </calibration>
  </depth_map>
  <depth_map camera_id="29" level="0" path="0/d29.exr">
    <calibration type="frame">
      <resolution width="1008" height="756"/>
      <f>811.33896437665521</f>
      <cx>7.6743320013370067</cx>
      <cy>-5.3648101009492279</cy>
    </calibration>
  </depth_map>
  <depth_map camera_id="29" level="1" path="1/d29.exr">
    <calibration type="frame">
      <resolution width="504" height="378"/>
      <f>405.66948218832761</f>
      <cx>3.8371660006685033</cx>
      <cy>-2.682405050474614</cy>
    </calibration>
  </depth_map>
  <depth_map camera_id="29" level="2" path="2/d29.exr">
    <calibration type="frame">
      <resolution width="252" height="189"/>
      <f>202.8347410941638</f>
      <cx>1.9185830003342517</cx>
      <cy>-1.341202525237307</cy>
    </calibration>
  </depth_map>
  <depth_map camera_id="30" level="0" path="0/d30.exr">
    <calibration type="frame">
      <resolution width="1008" height="756"/>
      <f>811.33896437665521</f>
      <cx>7.6743320013370067</cx>
      <cy>-5.3648101009492279</cy>
    </calibration>
  </depth_map>
  <depth_map camera_id="30" level="1" path="1/d30.exr">
    <calibration type="frame">
      <resolution width="504" height="378"/>
      <f>405.66948218832761</f>
      <cx>3.8371660006685033</cx>
      <cy>-2.682405050474614</cy>
    </calibration>
  </depth_map>
  <depth_map camera_id="30" level="2" path="2/d30.exr">
    <calibration type="frame">
      <resolution width="252" height="189"/>
      <f>202.8347410941638</f>
      <cx>1.9185830003342517</cx>
      <cy>-1.341202525237307</cy>
    </calibration>
  </depth_map>
  <depth_map camera_id="31" level="0" path="0/d31.exr">
    <calibration type="frame">
      <resolution width="1008" height="756"/>
      <f>811.33896437665521</f>
      <cx>7.6743320013370067</cx>
      <cy>-5.3648101009492279</cy>
    </calibration>
  </depth_map>
  <depth_map camera_id="31" level="1" path="1/d31.exr">
    <calibration type="frame">
      <resolution width="504" height="378"/>
      <f>405.66948218832761</f>
      <cx>3.8371660006685033</cx>
      <cy>-2.682405050474614</cy>
    </calibration>
  </depth_map>
  <depth_map camera_id="31" level="2" path="2/d31.exr">
    <calibration type="frame">
      <resolution width="252" height="189"/>
      <f>202.8347410941638</f>
      <cx>1.9185830003342517</cx>
      <cy>-1.341202525237307</cy>
    </calibration>
  </depth_map>
  <depth_map camera_id="32" level="0" path="0/d32.exr">
    <calibration type="frame">
      <resolution width="1008" height="756"/>
      <f>811.33896437665521</f>
      <cx>7.6743320013370067</cx>
      <cy>-5.3648101009492279</cy>
    </calibration>
  </depth_map>
  <depth_map camera_id="32" level="1" path="1/d32.exr">
    <calibration type="frame">
      <resolution width="504" height="378"/>
      <f>405.66948218832761</f>
      <cx>3.8371660006685033</cx>
      <cy>-2.682405050474614</cy>
    </calibration>
  </depth_map>
  <depth_map camera_id="32" level="2" path="2/d32.exr">
    <calibration type="frame">
      <resolution width="252" height="189"/>
      <f>202.8347410941638</f>
      <cx>1.9185830003342517</cx>
      <cy>-1.341202525237307</cy>
    </calibration>
  </depth_map>
  <depth_map camera_id="33" level="0" path="0/d33.exr">
    <calibration type="frame">
      <resolution width="1008" height="756"/>
      <f>811.33896437665521</f>
      <cx>7.6743320013370067</cx>
      <cy>-5.3648101009492279</cy>
    </calibration>
  </depth_map>
  <depth_map camera_id="33" level="1" path="1/d33.exr">
    <calibration type="frame">
      <resolution width="504" height="378"/>
      <f>405.66948218832761</f>
      <cx>3.8371660006685033</cx>
      <cy>-2.682405050474614</cy>
    </calibration>
  </depth_map>
  <depth_map camera_id="33" level="2" path="2/d33.exr">
    <calibration type="frame">
      <resolution width="252" height="189"/>
      <f>202.8347410941638</f>
      <cx>1.9185830003342517</cx>
      <cy>-1.341202525237307</cy>
    </calibration>
  </depth_map>
  <depth_map camera_id="34" level="0" path="0/d34.exr">
    <calibration type="frame">
      <resolution width="1008" height="756"/>
      <f>811.33896437665521</f>
      <cx>7.6743320013370067</cx>
      <cy>-5.3648101009492279</cy>
    </calibration>
  </depth_map>
  <depth_map camera_id="34" level="1" path="1/d34.exr">
    <calibration type="frame">
      <resolution width="504" height="378"/>
      <f>405.66948218832761</f>
      <cx>3.8371660006685033</cx>
      <cy>-2.682405050474614</cy>
    </calibration>
  </depth_map>
  <depth_map camera_id="34" level="2" path="2/d34.exr">
    <calibration type="frame">
      <resolution width="252" height="189"/>
      <f>202.8347410941638</f>
      <cx>1.9185830003342517</cx>
      <cy>-1.341202525237307</cy>
    </calibration>
  </depth_map>
  <depth_map camera_id="35" level="0" path="0/d35.exr">
    <calibration type="frame">
      <resolution width="1008" height="756"/>
      <f>811.33896437665521</f>
      <cx>7.6743320013370067</cx>
      <cy>-5.3648101009492279</cy>
    </calibration>
  </depth_map>
  <depth_map camera_id="35" level="1" path="1/d35.exr">
    <calibration type="frame">
      <resolution width="504" height="378"/>
      <f>405.66948218832761</f>
      <cx>3.8371660006685033</cx>
      <cy>-2.682405050474614</cy>
    </calibration>
  </depth_map>
  <depth_map camera_id="35" level="2" path="2/d35.exr">
    <calibration type="frame">
      <resolution width="252" height="189"/>
      <f>202.8347410941638</f>
      <cx>1.9185830003342517</cx>
      <cy>-1.341202525237307</cy>
    </calibration>
  </depth_map>
  <depth_map camera_id="36" level="0" path="0/d36.exr">
    <calibration type="frame">
      <resolution width="1008" height="756"/>
      <f>811.33896437665521</f>
      <cx>7.6743320013370067</cx>
      <cy>-5.3648101009492279</cy>
    </calibration>
  </depth_map>
  <depth_map camera_id="36" level="1" path="1/d36.exr">
    <calibration type="frame">
      <resolution width="504" height="378"/>
      <f>405.66948218832761</f>
      <cx>3.8371660006685033</cx>
      <cy>-2.682405050474614</cy>
    </calibration>
  </depth_map>
  <depth_map camera_id="36" level="2" path="2/d36.exr">
    <calibration type="frame">
      <resolution width="252" height="189"/>
      <f>202.8347410941638</f>
      <cx>1.9185830003342517</cx>
      <cy>-1.341202525237307</cy>
    </calibration>
  </depth_map>
  <depth_map camera_id="37" level="0" path="0/d37.exr">
    <calibration type="frame">
      <resolution width="1008" height="756"/>
      <f>811.33896437665521</f>
      <cx>7.6743320013370067</cx>
      <cy>-5.3648101009492279</cy>
    </calibration>
  </depth_map>
  <depth_map camera_id="37" level="1" path="1/d37.exr">
    <calibration type="frame">
      <resolution width="504" height="378"/>
      <f>405.66948218832761</f>
      <cx>3.8371660006685033</cx>
      <cy>-2.682405050474614</cy>
    </calibration>
  </depth_map>
  <depth_map camera_id="37" level="2" path="2/d37.exr">
    <calibration type="frame">
      <resolution width="252" height="189"/>
      <f>202.8347410941638</f>
      <cx>1.9185830003342517</cx>
      <cy>-1.341202525237307</cy>
    </calibration>
  </depth_map>
  <depth_map camera_id="38" level="0" path="0/d38.exr">
    <calibration type="frame">
      <resolution width="1008" height="756"/>
      <f>811.33896437665521</f>
      <cx>7.6743320013370067</cx>
      <cy>-5.3648101009492279</cy>
    </calibration>
  </depth_map>
  <depth_map camera_id="38" level="1" path="1/d38.exr">
    <calibration type="frame">
      <resolution width="504" height="378"/>
      <f>405.66948218832761</f>
      <cx>3.8371660006685033</cx>
      <cy>-2.682405050474614</cy>
    </calibration>
  </depth_map>
  <depth_map camera_id="38" level="2" path="2/d38.exr">
    <calibration type="frame">
      <resolution width="252" height="189"/>
      <f>202.8347410941638</f>
      <cx>1.9185830003342517</cx>
      <cy>-1.341202525237307</cy>
    </calibration>
  </depth_map>
  <depth_map camera_id="39" level="0" path="0/d39.exr">
    <calibration type="frame">
      <resolution width="1008" height="756"/>
      <f>811.33896437665521</f>
      <cx>7.6743320013370067</cx>
      <cy>-5.3648101009492279</cy>
    </calibration>
  </depth_map>
  <depth_map camera_id="39" level="1" path="1/d39.exr">
    <calibration type="frame">
      <resolution width="504" height="378"/>
      <f>405.66948218832761</f>
      <cx>3.8371660006685033</cx>
      <cy>-2.682405050474614</cy>
    </calibration>
  </depth_map>
  <depth_map camera_id="39" level="2" path="2/d39.exr">
    <calibration type="frame">
      <resolution width="252" height="189"/>
      <f>202.8347410941638</f>
      <cx>1.9185830003342517</cx>
      <cy>-1.341202525237307</cy>
    </calibration>
  </depth_map>
  <depth_map camera_id="40" level="0" path="0/d40.exr">
    <calibration type="frame">
      <resolution width="1008" height="756"/>
      <f>811.33896437665521</f>
      <cx>7.6743320013370067</cx>
      <cy>-5.3648101009492279</cy>
    </calibration>
  </depth_map>
  <depth_map camera_id="40" level="1" path="1/d40.exr">
    <calibration type="frame">
      <resolution width="504" height="378"/>
      <f>405.66948218832761</f>
      <cx>3.8371660006685033</cx>
      <cy>-2.682405050474614</cy>
    </calibration>
  </depth_map>
  <depth_map camera_id="40" level="2" path="2/d40.exr">
    <calibration type="frame">
      <resolution width="252" height="189"/>
      <f>202.8347410941638</f>
      <cx>1.9185830003342517</cx>
      <cy>-1.341202525237307</cy>
    </calibration>
  </depth_map>
  <depth_map camera_id="41" level="0" path="0/d41.exr">
    <calibration type="frame">
      <resolution width="1008" height="756"/>
      <f>811.33896437665521</f>
      <cx>7.6743320013370067</cx>
      <cy>-5.3648101009492279</cy>
    </calibration>
  </depth_map>
  <depth_map camera_id="41" level="1" path="1/d41.exr">
    <calibration type="frame">
      <resolution width="504" height="378"/>
      <f>405.66948218832761</f>
      <cx>3.8371660006685033</cx>
      <cy>-2.682405050474614</cy>
    </calibration>
  </depth_map>
  <depth_map camera_id="41" level="2" path="2/d41.exr">
    <calibration type="frame">
      <resolution width="252" height="189"/>
      <f>202.8347410941638</f>
      <cx>1.9185830003342517</cx>
      <cy>-1.341202525237307</cy>
    </calibration>
  </depth_map>
  <depth_map camera_id="42" level="0" path="0/d42.exr">
    <calibration type="frame">
      <resolution width="1008" height="756"/>
      <f>811.33896437665521</f>
      <cx>7.6743320013370067</cx>
      <cy>-5.3648101009492279</cy>
    </calibration>
  </depth_map>
  <depth_map camera_id="42" level="1" path="1/d42.exr">
    <calibration type="frame">
      <resolution width="504" height="378"/>
      <f>405.66948218832761</f>
      <cx>3.8371660006685033</cx>
      <cy>-2.682405050474614</cy>
    </calibration>
  </depth_map>
  <depth_map camera_id="42" level="2" path="2/d42.exr">
    <calibration type="frame">
      <resolution width="252" height="189"/>
      <f>202.8347410941638</f>
      <cx>1.9185830003342517</cx>
      <cy>-1.341202525237307</cy>
    </calibration>
  </depth_map>
  <depth_map camera_id="43" level="0" path="0/d43.exr">
    <calibration type="frame">
      <resolution width="1008" height="756"/>
      <f>811.33896437665521</f>
      <cx>7.6743320013370067</cx>
      <cy>-5.3648101009492279</cy>
    </calibration>
  </depth_map>
  <depth_map camera_id="43" level="1" path="1/d43.exr">
    <calibration type="frame">
      <resolution width="504" height="378"/>
      <f>405.66948218832761</f>
      <cx>3.8371660006685033</cx>
      <cy>-2.682405050474614</cy>
    </calibration>
  </depth_map>
  <depth_map camera_id="43" level="2" path="2/d43.exr">
    <calibration type="frame">
      <resolution width="252" height="189"/>
      <f>202.8347410941638</f>
      <cx>1.9185830003342517</cx>
      <cy>-1.341202525237307</cy>
    </calibration>
  </depth_map>
  <depth_map camera_id="44" level="0" path="0/d44.exr">
    <calibration type="frame">
      <resolution width="1008" height="756"/>
      <f>811.33896437665521</f>
      <cx>7.6743320013370067</cx>
      <cy>-5.3648101009492279</cy>
    </calibration>
  </depth_map>
  <depth_map camera_id="44" level="1" path="1/d44.exr">
    <calibration type="frame">
      <resolution width="504" height="378"/>
      <f>405.66948218832761</f>
      <cx>3.8371660006685033</cx>
      <cy>-2.682405050474614</cy>
    </calibration>
  </depth_map>
  <depth_map camera_id="44" level="2" path="2/d44.exr">
    <calibration type="frame">
      <resolution width="252" height="189"/>
      <f>202.8347410941638</f>
      <cx>1.9185830003342517</cx>
      <cy>-1.341202525237307</cy>
    </calibration>
  </depth_map>
  <depth_map camera_id="45" level="0" path="0/d45.exr">
    <calibration type="frame">
      <resolution width="1008" height="756"/>
      <f>811.33896437665521</f>
      <cx>7.6743320013370067</cx>
      <cy>-5.3648101009492279</cy>
    </calibration>
  </depth_map>
  <depth_map camera_id="45" level="1" path="1/d45.exr">
    <calibration type="frame">
      <resolution width="504" height="378"/>
      <f>405.66948218832761</f>
      <cx>3.8371660006685033</cx>
      <cy>-2.682405050474614</cy>
    </calibration>
  </depth_map>
  <depth_map camera_id="45" level="2" path="2/d45.exr">
    <calibration type="frame">
      <resolution width="252" height="189"/>
      <f>202.8347410941638</f>
      <cx>1.9185830003342517</cx>
      <cy>-1.341202525237307</cy>
    </calibration>
  </depth_map>
  <depth_map camera_id="46" level="0" path="0/d46.exr">
    <calibration type="frame">
      <resolution width="1008" height="756"/>
      <f>811.33896437665521</f>
      <cx>7.6743320013370067</cx>
      <cy>-5.3648101009492279</cy>
    </calibration>
  </depth_map>
  <depth_map camera_id="46" level="1" path="1/d46.exr">
    <calibration type="frame">
      <resolution width="504" height="378"/>
      <f>405.66948218832761</f>
      <cx>3.8371660006685033</cx>
      <cy>-2.682405050474614</cy>
    </calibration>
  </depth_map>
  <depth_map camera_id="46" level="2" path="2/d46.exr">
    <calibration type="frame">
      <resolution width="252" height="189"/>
      <f>202.8347410941638</f>
      <cx>1.9185830003342517</cx>
      <cy>-1.341202525237307</cy>
    </calibration>
  </depth_map>
  <depth_map camera_id="48" level="0" path="0/d48.exr">
    <calibration type="frame">
      <resolution width="1008" height="756"/>
      <f>811.33896437665521</f>
      <cx>7.6743320013370067</cx>
      <cy>-5.3648101009492279</cy>
    </calibration>
  </depth_map>
  <depth_map camera_id="48" level="1" path="1/d48.exr">
    <calibration type="frame">
      <resolution width="504" height="378"/>
      <f>405.66948218832761</f>
      <cx>3.8371660006685033</cx>
      <cy>-2.682405050474614</cy>
    </calibration>
  </depth_map>
  <depth_map camera_id="48" level="2" path="2/d48.exr">
    <calibration type="frame">
      <resolution width="252" height="189"/>
      <f>202.8347410941638</f>
      <cx>1.9185830003342517</cx>
      <cy>-1.341202525237307</cy>
    </calibration>
  </depth_map>
  <depth_map camera_id="49" level="0" path="0/d49.exr">
    <calibration type="frame">
      <resolution width="1008" height="756"/>
      <f>811.33896437665521</f>
      <cx>7.6743320013370067</cx>
      <cy>-5.3648101009492279</cy>
    </calibration>
  </depth_map>
  <depth_map camera_id="49" level="1" path="1/d49.exr">
    <calibration type="frame">
      <resolution width="504" height="378"/>
      <f>405.66948218832761</f>
      <cx>3.8371660006685033</cx>
      <cy>-2.682405050474614</cy>
    </calibration>
  </depth_map>
  <depth_map camera_id="49" level="2" path="2/d49.exr">
    <calibration type="frame">
      <resolution width="252" height="189"/>
      <f>202.8347410941638</f>
      <cx>1.9185830003342517</cx>
      <cy>-1.341202525237307</cy>
    </calibration>
  </depth_map>
  <depth_map camera_id="50" level="0" path="0/d50.exr">
    <calibration type="frame">
      <resolution width="1008" height="756"/>
      <f>811.33896437665521</f>
      <cx>7.6743320013370067</cx>
      <cy>-5.3648101009492279</cy>
    </calibration>
  </depth_map>
  <depth_map camera_id="50" level="1" path="1/d50.exr">
    <calibration type="frame">
      <resolution width="504" height="378"/>
      <f>405.66948218832761</f>
      <cx>3.8371660006685033</cx>
      <cy>-2.682405050474614</cy>
    </calibration>
  </depth_map>
  <depth_map camera_id="50" level="2" path="2/d50.exr">
    <calibration type="frame">
      <resolution width="252" height="189"/>
      <f>202.8347410941638</f>
      <cx>1.9185830003342517</cx>
      <cy>-1.341202525237307</cy>
    </calibration>
  </depth_map>
  <depth_map camera_id="51" level="0" path="0/d51.exr">
    <calibration type="frame">
      <resolution width="1008" height="756"/>
      <f>811.33896437665521</f>
      <cx>7.6743320013370067</cx>
      <cy>-5.3648101009492279</cy>
    </calibration>
  </depth_map>
  <depth_map camera_id="51" level="1" path="1/d51.exr">
    <calibration type="frame">
      <resolution width="504" height="378"/>
      <f>405.66948218832761</f>
      <cx>3.8371660006685033</cx>
      <cy>-2.682405050474614</cy>
    </calibration>
  </depth_map>
  <depth_map camera_id="51" level="2" path="2/d51.exr">
    <calibration type="frame">
      <resolution width="252" height="189"/>
      <f>202.8347410941638</f>
      <cx>1.9185830003342517</cx>
      <cy>-1.341202525237307</cy>
    </calibration>
  </depth_map>
  <depth_map camera_id="52" level="0" path="0/d52.exr">
    <calibration type="frame">
      <resolution width="1008" height="756"/>
      <f>811.33896437665521</f>
      <cx>7.6743320013370067</cx>
      <cy>-5.3648101009492279</cy>
    </calibration>
  </depth_map>
  <depth_map camera_id="52" level="1" path="1/d52.exr">
    <calibration type="frame">
      <resolution width="504" height="378"/>
      <f>405.66948218832761</f>
      <cx>3.8371660006685033</cx>
      <cy>-2.682405050474614</cy>
    </calibration>
  </depth_map>
  <depth_map camera_id="52" level="2" path="2/d52.exr">
    <calibration type="frame">
      <resolution width="252" height="189"/>
      <f>202.8347410941638</f>
      <cx>1.9185830003342517</cx>
      <cy>-1.341202525237307</cy>
    </calibration>
  </depth_map>
  <depth_map camera_id="54" level="0" path="0/d54.exr">
    <calibration type="frame">
      <resolution width="1008" height="756"/>
      <f>811.33896437665521</f>
      <cx>7.6743320013370067</cx>
      <cy>-5.3648101009492279</cy>
    </calibration>
  </depth_map>
  <depth_map camera_id="54" level="1" path="1/d54.exr">
    <calibration type="frame">
      <resolution width="504" height="378"/>
      <f>405.66948218832761</f>
      <cx>3.8371660006685033</cx>
      <cy>-2.682405050474614</cy>
    </calibration>
  </depth_map>
  <depth_map camera_id="54" level="2" path="2/d54.exr">
    <calibration type="frame">
      <resolution width="252" height="189"/>
      <f>202.8347410941638</f>
      <cx>1.9185830003342517</cx>
      <cy>-1.341202525237307</cy>
    </calibration>
  </depth_map>
  <depth_map camera_id="55" level="0" path="0/d55.exr">
    <calibration type="frame">
      <resolution width="1008" height="756"/>
      <f>811.33896437665521</f>
      <cx>7.6743320013370067</cx>
      <cy>-5.3648101009492279</cy>
    </calibration>
  </depth_map>
  <depth_map camera_id="55" level="1" path="1/d55.exr">
    <calibration type="frame">
      <resolution width="504" height="378"/>
      <f>405.66948218832761</f>
      <cx>3.8371660006685033</cx>
      <cy>-2.682405050474614</cy>
    </calibration>
  </depth_map>
  <depth_map camera_id="55" level="2" path="2/d55.exr">
    <calibration type="frame">
      <resolution width="252" height="189"/>
      <f>202.8347410941638</f>
      <cx>1.9185830003342517</cx>
      <cy>-1.341202525237307</cy>
    </calibration>
  </depth_map>
  <depth_map camera_id="56" level="0" path="0/d56.exr">
    <calibration type="frame">
      <resolution width="1008" height="756"/>
      <f>811.33896437665521</f>
      <cx>7.6743320013370067</cx>
      <cy>-5.3648101009492279</cy>
    </calibration>
  </depth_map>
  <depth_map camera_id="56" level="1" path="1/d56.exr">
    <calibration type="frame">
      <resolution width="504" height="378"/>
      <f>405.66948218832761</f>
      <cx>3.8371660006685033</cx>
      <cy>-2.682405050474614</cy>
    </calibration>
  </depth_map>
  <depth_map camera_id="56" level="2" path="2/d56.exr">
    <calibration type="frame">
      <resolution width="252" height="189"/>
      <f>202.8347410941638</f>
      <cx>1.9185830003342517</cx>
      <cy>-1.341202525237307</cy>
    </calibration>
  </depth_map>
  <depth_map camera_id="57" level="0" path="0/d57.exr">
    <calibration type="frame">
      <resolution width="1008" height="756"/>
      <f>811.33896437665521</f>
      <cx>7.6743320013370067</cx>
      <cy>-5.3648101009492279</cy>
    </calibration>
  </depth_map>
  <depth_map camera_id="57" level="1" path="1/d57.exr">
    <calibration type="frame">
      <resolution width="504" height="378"/>
      <f>405.66948218832761</f>
      <cx>3.8371660006685033</cx>
      <cy>-2.682405050474614</cy>
    </calibration>
  </depth_map>
  <depth_map camera_id="57" level="2" path="2/d57.exr">
    <calibration type="frame">
      <resolution width="252" height="189"/>
      <f>202.8347410941638</f>
      <cx>1.9185830003342517</cx>
      <cy>-1.341202525237307</cy>
    </calibration>
  </depth_map>
  <depth_map camera_id="58" level="0" path="0/d58.exr">
    <calibration type="frame">
      <resolution width="1008" height="756"/>
      <f>811.33896437665521</f>
      <cx>7.6743320013370067</cx>
      <cy>-5.3648101009492279</cy>
    </calibration>
  </depth_map>
  <depth_map camera_id="58" level="1" path="1/d58.exr">
    <calibration type="frame">
      <resolution width="504" height="378"/>
      <f>405.66948218832761</f>
      <cx>3.8371660006685033</cx>
      <cy>-2.682405050474614</cy>
    </calibration>
  </depth_map>
  <depth_map camera_id="58" level="2" path="2/d58.exr">
    <calibration type="frame">
      <resolution width="252" height="189"/>
      <f>202.8347410941638</f>
      <cx>1.9185830003342517</cx>
      <cy>-1.341202525237307</cy>
    </calibration>
  </depth_map>
  <depth_map camera_id="59" level="0" path="0/d59.exr">
    <calibration type="frame">
      <resolution width="1008" height="756"/>
      <f>811.33896437665521</f>
      <cx>7.6743320013370067</cx>
      <cy>-5.3648101009492279</cy>
    </calibration>
  </depth_map>
  <depth_map camera_id="59" level="1" path="1/d59.exr">
    <calibration type="frame">
      <resolution width="504" height="378"/>
      <f>405.66948218832761</f>
      <cx>3.8371660006685033</cx>
      <cy>-2.682405050474614</cy>
    </calibration>
  </depth_map>
  <depth_map camera_id="59" level="2" path="2/d59.exr">
    <calibration type="frame">
      <resolution width="252" height="189"/>
      <f>202.8347410941638</f>
      <cx>1.9185830003342517</cx>
      <cy>-1.341202525237307</cy>
    </calibration>
  </depth_map>
  <depth_map camera_id="60" level="0" path="0/d60.exr">
    <calibration type="frame">
      <resolution width="1008" height="756"/>
      <f>811.33896437665521</f>
      <cx>7.6743320013370067</cx>
      <cy>-5.3648101009492279</cy>
    </calibration>
  </depth_map>
  <depth_map camera_id="60" level="1" path="1/d60.exr">
    <calibration type="frame">
      <resolution width="504" height="378"/>
      <f>405.66948218832761</f>
      <cx>3.8371660006685033</cx>
      <cy>-2.682405050474614</cy>
    </calibration>
  </depth_map>
  <depth_map camera_id="60" level="2" path="2/d60.exr">
    <calibration type="frame">
      <resolution width="252" height="189"/>
      <f>202.8347410941638</f>
      <cx>1.9185830003342517</cx>
      <cy>-1.341202525237307</cy>
    </calibration>
  </depth_map>
  <depth_map camera_id="61" level="0" path="0/d61.exr">
    <calibration type="frame">
      <resolution width="1008" height="756"/>
      <f>811.33896437665521</f>
      <cx>7.6743320013370067</cx>
      <cy>-5.3648101009492279</cy>
    </calibration>
  </depth_map>
  <depth_map camera_id="61" level="1" path="1/d61.exr">
    <calibration type="frame">
      <resolution width="504" height="378"/>
      <f>405.66948218832761</f>
      <cx>3.8371660006685033</cx>
      <cy>-2.682405050474614</cy>
    </calibration>
  </depth_map>
  <depth_map camera_id="61" level="2" path="2/d61.exr">
    <calibration type="frame">
      <resolution width="252" height="189"/>
      <f>202.8347410941638</f>
      <cx>1.9185830003342517</cx>
      <cy>-1.341202525237307</cy>
    </calibration>
  </depth_map>
  <depth_map camera_id="62" level="0" path="0/d62.exr">
    <calibration type="frame">
      <resolution width="1008" height="756"/>
      <f>811.33896437665521</f>
      <cx>7.6743320013370067</cx>
      <cy>-5.3648101009492279</cy>
    </calibration>
  </depth_map>
  <depth_map camera_id="62" level="1" path="1/d62.exr">
    <calibration type="frame">
      <resolution width="504" height="378"/>
      <f>405.66948218832761</f>
      <cx>3.8371660006685033</cx>
      <cy>-2.682405050474614</cy>
    </calibration>
  </depth_map>
  <depth_map camera_id="62" level="2" path="2/d62.exr">
    <calibration type="frame">
      <resolution width="252" height="189"/>
      <f>202.8347410941638</f>
      <cx>1.9185830003342517</cx>
      <cy>-1.341202525237307</cy>
    </calibration>
  </depth_map>
  <depth_map camera_id="63" level="0" path="0/d63.exr">
    <calibration type="frame">
      <resolution width="1008" height="756"/>
      <f>811.33896437665521</f>
      <cx>7.6743320013370067</cx>
      <cy>-5.3648101009492279</cy>
    </calibration>
  </depth_map>
  <depth_map camera_id="63" level="1" path="1/d63.exr">
    <calibration type="frame">
      <resolution width="504" height="378"/>
      <f>405.66948218832761</f>
      <cx>3.8371660006685033</cx>
      <cy>-2.682405050474614</cy>
    </calibration>
  </depth_map>
  <depth_map camera_id="63" level="2" path="2/d63.exr">
    <calibration type="frame">
      <resolution width="252" height="189"/>
      <f>202.8347410941638</f>
      <cx>1.9185830003342517</cx>
      <cy>-1.341202525237307</cy>
    </calibration>
  </depth_map>
  <depth_map camera_id="64" level="0" path="0/d64.exr">
    <calibration type="frame">
      <resolution width="1008" height="756"/>
      <f>811.33896437665521</f>
      <cx>7.6743320013370067</cx>
      <cy>-5.3648101009492279</cy>
    </calibration>
  </depth_map>
  <depth_map camera_id="64" level="1" path="1/d64.exr">
    <calibration type="frame">
      <resolution width="504" height="378"/>
      <f>405.66948218832761</f>
      <cx>3.8371660006685033</cx>
      <cy>-2.682405050474614</cy>
    </calibration>
  </depth_map>
  <depth_map camera_id="64" level="2" path="2/d64.exr">
    <calibration type="frame">
      <resolution width="252" height="189"/>
      <f>202.8347410941638</f>
      <cx>1.9185830003342517</cx>
      <cy>-1.341202525237307</cy>
    </calibration>
  </depth_map>
  <depth_map camera_id="65" level="0" path="0/d65.exr">
    <calibration type="frame">
      <resolution width="1008" height="756"/>
      <f>811.33896437665521</f>
      <cx>7.6743320013370067</cx>
      <cy>-5.3648101009492279</cy>
    </calibration>
  </depth_map>
  <depth_map camera_id="65" level="1" path="1/d65.exr">
    <calibration type="frame">
      <resolution width="504" height="378"/>
      <f>405.66948218832761</f>
      <cx>3.8371660006685033</cx>
      <cy>-2.682405050474614</cy>
    </calibration>
  </depth_map>
  <depth_map camera_id="65" level="2" path="2/d65.exr">
    <calibration type="frame">
      <resolution width="252" height="189"/>
      <f>202.8347410941638</f>
      <cx>1.9185830003342517</cx>
      <cy>-1.341202525237307</cy>
    </calibration>
  </depth_map>
  <depth_map camera_id="66" level="0" path="0/d66.exr">
    <calibration type="frame">
      <resolution width="1008" height="756"/>
      <f>811.33896437665521</f>
      <cx>7.6743320013370067</cx>
      <cy>-5.3648101009492279</cy>
    </calibration>
  </depth_map>
  <depth_map camera_id="66" level="1" path="1/d66.exr">
    <calibration type="frame">
      <resolution width="504" height="378"/>
      <f>405.66948218832761</f>
      <cx>3.8371660006685033</cx>
      <cy>-2.682405050474614</cy>
    </calibration>
  </depth_map>
  <depth_map camera_id="66" level="2" path="2/d66.exr">
    <calibration type="frame">
      <resolution width="252" height="189"/>
      <f>202.8347410941638</f>
      <cx>1.9185830003342517</cx>
      <cy>-1.341202525237307</cy>
    </calibration>
  </depth_map>
  <depth_map camera_id="67" level="0" path="0/d67.exr">
    <calibration type="frame">
      <resolution width="1008" height="756"/>
      <f>811.33896437665521</f>
      <cx>7.6743320013370067</cx>
      <cy>-5.3648101009492279</cy>
    </calibration>
  </depth_map>
  <depth_map camera_id="67" level="1" path="1/d67.exr">
    <calibration type="frame">
      <resolution width="504" height="378"/>
      <f>405.66948218832761</f>
      <cx>3.8371660006685033</cx>
      <cy>-2.682405050474614</cy>
    </calibration>
  </depth_map>
  <depth_map camera_id="67" level="2" path="2/d67.exr">
    <calibration type="frame">
      <resolution width="252" height="189"/>
      <f>202.8347410941638</f>
      <cx>1.9185830003342517</cx>
      <cy>-1.341202525237307</cy>
    </calibration>
  </depth_map>
  <depth_map camera_id="68" level="0" path="0/d68.exr">
    <calibration type="frame">
      <resolution width="1008" height="756"/>
      <f>811.33896437665521</f>
      <cx>7.6743320013370067</cx>
      <cy>-5.3648101009492279</cy>
    </calibration>
  </depth_map>
  <depth_map camera_id="68" level="1" path="1/d68.exr">
    <calibration type="frame">
      <resolution width="504" height="378"/>
      <f>405.66948218832761</f>
      <cx>3.8371660006685033</cx>
      <cy>-2.682405050474614</cy>
    </calibration>
  </depth_map>
  <depth_map camera_id="68" level="2" path="2/d68.exr">
    <calibration type="frame">
      <resolution width="252" height="189"/>
      <f>202.8347410941638</f>
      <cx>1.9185830003342517</cx>
      <cy>-1.341202525237307</cy>
    </calibration>
  </depth_map>
  <depth_map camera_id="69" level="0" path="0/d69.exr">
    <calibration type="frame">
      <resolution width="1008" height="756"/>
      <f>811.33896437665521</f>
      <cx>7.6743320013370067</cx>
      <cy>-5.3648101009492279</cy>
    </calibration>
  </depth_map>
  <depth_map camera_id="69" level="1" path="1/d69.exr">
    <calibration type="frame">
      <resolution width="504" height="378"/>
      <f>405.66948218832761</f>
      <cx>3.8371660006685033</cx>
      <cy>-2.682405050474614</cy>
    </calibration>
  </depth_map>
  <depth_map camera_id="69" level="2" path="2/d69.exr">
    <calibration type="frame">
      <resolution width="252" height="189"/>
      <f>202.8347410941638</f>
      <cx>1.9185830003342517</cx>
      <cy>-1.341202525237307</cy>
    </calibration>
  </depth_map>
  <depth_map camera_id="70" level="0" path="0/d70.exr">
    <calibration type="frame">
      <resolution width="1008" height="756"/>
      <f>811.33896437665521</f>
      <cx>7.6743320013370067</cx>
      <cy>-5.3648101009492279</cy>
    </calibration>
  </depth_map>
  <depth_map camera_id="70" level="1" path="1/d70.exr">
    <calibration type="frame">
      <resolution width="504" height="378"/>
      <f>405.66948218832761</f>
      <cx>3.8371660006685033</cx>
      <cy>-2.682405050474614</cy>
    </calibration>
  </depth_map>
  <depth_map camera_id="70" level="2" path="2/d70.exr">
    <calibration type="frame">
      <resolution width="252" height="189"/>
      <f>202.8347410941638</f>
      <cx>1.9185830003342517</cx>
      <cy>-1.341202525237307</cy>
    </calibration>
  </depth_map>
  <depth_map camera_id="71" level="0" path="0/d71.exr">
    <calibration type="frame">
      <resolution width="1008" height="756"/>
      <f>811.33896437665521</f>
      <cx>7.6743320013370067</cx>
      <cy>-5.3648101009492279</cy>
    </calibration>
  </depth_map>
  <depth_map camera_id="71" level="1" path="1/d71.exr">
    <calibration type="frame">
      <resolution width="504" height="378"/>
      <f>405.66948218832761</f>
      <cx>3.8371660006685033</cx>
      <cy>-2.682405050474614</cy>
    </calibration>
  </depth_map>
  <depth_map camera_id="71" level="2" path="2/d71.exr">
    <calibration type="frame">
      <resolution width="252" height="189"/>
      <f>202.8347410941638</f>
      <cx>1.9185830003342517</cx>
      <cy>-1.341202525237307</cy>
    </calibration>
  </depth_map>
  <depth_map camera_id="72" level="0" path="0/d72.exr">
    <calibration type="frame">
      <resolution width="1008" height="756"/>
      <f>811.33896437665521</f>
      <cx>7.6743320013370067</cx>
      <cy>-5.3648101009492279</cy>
    </calibration>
  </depth_map>
  <depth_map camera_id="72" level="1" path="1/d72.exr">
    <calibration type="frame">
      <resolution width="504" height="378"/>
      <f>405.66948218832761</f>
      <cx>3.8371660006685033</cx>
      <cy>-2.682405050474614</cy>
    </calibration>
  </depth_map>
  <depth_map camera_id="72" level="2" path="2/d72.exr">
    <calibration type="frame">
      <resolution width="252" height="189"/>
      <f>202.8347410941638</f>
      <cx>1.9185830003342517</cx>
      <cy>-1.341202525237307</cy>
    </calibration>
  </depth_map>
  <depth_map camera_id="73" level="0" path="0/d73.exr">
    <calibration type="frame">
      <resolution width="1008" height="756"/>
      <f>811.33896437665521</f>
      <cx>7.6743320013370067</cx>
      <cy>-5.3648101009492279</cy>
    </calibration>
  </depth_map>
  <depth_map camera_id="73" level="1" path="1/d73.exr">
    <calibration type="frame">
      <resolution width="504" height="378"/>
      <f>405.66948218832761</f>
      <cx>3.8371660006685033</cx>
      <cy>-2.682405050474614</cy>
    </calibration>
  </depth_map>
  <depth_map camera_id="73" level="2" path="2/d73.exr">
    <calibration type="frame">
      <resolution width="252" height="189"/>
      <f>202.8347410941638</f>
      <cx>1.9185830003342517</cx>
      <cy>-1.341202525237307</cy>
    </calibration>
  </depth_map>
  <depth_map camera_id="74" level="0" path="0/d74.exr">
    <calibration type="frame">
      <resolution width="1008" height="756"/>
      <f>811.33896437665521</f>
      <cx>7.6743320013370067</cx>
      <cy>-5.3648101009492279</cy>
    </calibration>
  </depth_map>
  <depth_map camera_id="74" level="1" path="1/d74.exr">
    <calibration type="frame">
      <resolution width="504" height="378"/>
      <f>405.66948218832761</f>
      <cx>3.8371660006685033</cx>
      <cy>-2.682405050474614</cy>
    </calibration>
  </depth_map>
  <depth_map camera_id="74" level="2" path="2/d74.exr">
    <calibration type="frame">
      <resolution width="252" height="189"/>
      <f>202.8347410941638</f>
      <cx>1.9185830003342517</cx>
      <cy>-1.341202525237307</cy>
    </calibration>
  </depth_map>
  <depth_map camera_id="75" level="0" path="0/d75.exr">
    <calibration type="frame">
      <resolution width="1008" height="756"/>
      <f>811.33896437665521</f>
      <cx>7.6743320013370067</cx>
      <cy>-5.3648101009492279</cy>
    </calibration>
  </depth_map>
  <depth_map camera_id="75" level="1" path="1/d75.exr">
    <calibration type="frame">
      <resolution width="504" height="378"/>
      <f>405.66948218832761</f>
      <cx>3.8371660006685033</cx>
      <cy>-2.682405050474614</cy>
    </calibration>
  </depth_map>
  <depth_map camera_id="75" level="2" path="2/d75.exr">
    <calibration type="frame">
      <resolution width="252" height="189"/>
      <f>202.8347410941638</f>
      <cx>1.9185830003342517</cx>
      <cy>-1.341202525237307</cy>
    </calibration>
  </depth_map>
  <depth_map camera_id="76" level="0" path="0/d76.exr">
    <calibration type="frame">
      <resolution width="1008" height="756"/>
      <f>811.33896437665521</f>
      <cx>7.6743320013370067</cx>
      <cy>-5.3648101009492279</cy>
    </calibration>
  </depth_map>
  <depth_map camera_id="76" level="1" path="1/d76.exr">
    <calibration type="frame">
      <resolution width="504" height="378"/>
      <f>405.66948218832761</f>
      <cx>3.8371660006685033</cx>
      <cy>-2.682405050474614</cy>
    </calibration>
  </depth_map>
  <depth_map camera_id="76" level="2" path="2/d76.exr">
    <calibration type="frame">
      <resolution width="252" height="189"/>
      <f>202.8347410941638</f>
      <cx>1.9185830003342517</cx>
      <cy>-1.341202525237307</cy>
    </calibration>
  </depth_map>
  <depth_map camera_id="77" level="0" path="0/d77.exr">
    <calibration type="frame">
      <resolution width="1008" height="756"/>
      <f>811.33896437665521</f>
      <cx>7.6743320013370067</cx>
      <cy>-5.3648101009492279</cy>
    </calibration>
  </depth_map>
  <depth_map camera_id="77" level="1" path="1/d77.exr">
    <calibration type="frame">
      <resolution width="504" height="378"/>
      <f>405.66948218832761</f>
      <cx>3.8371660006685033</cx>
      <cy>-2.682405050474614</cy>
    </calibration>
  </depth_map>
  <depth_map camera_id="77" level="2" path="2/d77.exr">
    <calibration type="frame">
      <resolution width="252" height="189"/>
      <f>202.8347410941638</f>
      <cx>1.9185830003342517</cx>
      <cy>-1.341202525237307</cy>
    </calibration>
  </depth_map>
  <depth_map camera_id="78" level="0" path="0/d78.exr">
    <calibration type="frame">
      <resolution width="1008" height="756"/>
      <f>811.33896437665521</f>
      <cx>7.6743320013370067</cx>
      <cy>-5.3648101009492279</cy>
    </calibration>
  </depth_map>
  <depth_map camera_id="78" level="1" path="1/d78.exr">
    <calibration type="frame">
      <resolution width="504" height="378"/>
      <f>405.66948218832761</f>
      <cx>3.8371660006685033</cx>
      <cy>-2.682405050474614</cy>
    </calibration>
  </depth_map>
  <depth_map camera_id="78" level="2" path="2/d78.exr">
    <calibration type="frame">
      <resolution width="252" height="189"/>
      <f>202.8347410941638</f>
      <cx>1.9185830003342517</cx>
      <cy>-1.341202525237307</cy>
    </calibration>
  </depth_map>
  <depth_map camera_id="79" level="0" path="0/d79.exr">
    <calibration type="frame">
      <resolution width="1008" height="756"/>
      <f>811.33896437665521</f>
      <cx>7.6743320013370067</cx>
      <cy>-5.3648101009492279</cy>
    </calibration>
  </depth_map>
  <depth_map camera_id="79" level="1" path="1/d79.exr">
    <calibration type="frame">
      <resolution width="504" height="378"/>
      <f>405.66948218832761</f>
      <cx>3.8371660006685033</cx>
      <cy>-2.682405050474614</cy>
    </calibration>
  </depth_map>
  <depth_map camera_id="79" level="2" path="2/d79.exr">
    <calibration type="frame">
      <resolution width="252" height="189"/>
      <f>202.8347410941638</f>
      <cx>1.9185830003342517</cx>
      <cy>-1.341202525237307</cy>
    </calibration>
  </depth_map>
  <depth_map camera_id="80" level="0" path="0/d80.exr">
    <calibration type="frame">
      <resolution width="1008" height="756"/>
      <f>811.33896437665521</f>
      <cx>7.6743320013370067</cx>
      <cy>-5.3648101009492279</cy>
    </calibration>
  </depth_map>
  <depth_map camera_id="80" level="1" path="1/d80.exr">
    <calibration type="frame">
      <resolution width="504" height="378"/>
      <f>405.66948218832761</f>
      <cx>3.8371660006685033</cx>
      <cy>-2.682405050474614</cy>
    </calibration>
  </depth_map>
  <depth_map camera_id="80" level="2" path="2/d80.exr">
    <calibration type="frame">
      <resolution width="252" height="189"/>
      <f>202.8347410941638</f>
      <cx>1.9185830003342517</cx>
      <cy>-1.341202525237307</cy>
    </calibration>
  </depth_map>
  <depth_map camera_id="81" level="0" path="0/d81.exr">
    <calibration type="frame">
      <resolution width="1008" height="756"/>
      <f>811.33896437665521</f>
      <cx>7.6743320013370067</cx>
      <cy>-5.3648101009492279</cy>
    </calibration>
  </depth_map>
  <depth_map camera_id="81" level="1" path="1/d81.exr">
    <calibration type="frame">
      <resolution width="504" height="378"/>
      <f>405.66948218832761</f>
      <cx>3.8371660006685033</cx>
      <cy>-2.682405050474614</cy>
    </calibration>
  </depth_map>
  <depth_map camera_id="81" level="2" path="2/d81.exr">
    <calibration type="frame">
      <resolution width="252" height="189"/>
      <f>202.8347410941638</f>
      <cx>1.9185830003342517</cx>
      <cy>-1.341202525237307</cy>
    </calibration>
  </depth_map>
  <depth_map camera_id="82" level="0" path="0/d82.exr">
    <calibration type="frame">
      <resolution width="1008" height="756"/>
      <f>811.33896437665521</f>
      <cx>7.6743320013370067</cx>
      <cy>-5.3648101009492279</cy>
    </calibration>
  </depth_map>
  <depth_map camera_id="82" level="1" path="1/d82.exr">
    <calibration type="frame">
      <resolution width="504" height="378"/>
      <f>405.66948218832761</f>
      <cx>3.8371660006685033</cx>
      <cy>-2.682405050474614</cy>
    </calibration>
  </depth_map>
  <depth_map camera_id="82" level="2" path="2/d82.exr">
    <calibration type="frame">
      <resolution width="252" height="189"/>
      <f>202.8347410941638</f>
      <cx>1.9185830003342517</cx>
      <cy>-1.341202525237307</cy>
    </calibration>
  </depth_map>
  <depth_map camera_id="83" level="0" path="0/d83.exr">
    <calibration type="frame">
      <resolution width="1008" height="756"/>
      <f>811.33896437665521</f>
      <cx>7.6743320013370067</cx>
      <cy>-5.3648101009492279</cy>
    </calibration>
  </depth_map>
  <depth_map camera_id="83" level="1" path="1/d83.exr">
    <calibration type="frame">
      <resolution width="504" height="378"/>
      <f>405.66948218832761</f>
      <cx>3.8371660006685033</cx>
      <cy>-2.682405050474614</cy>
    </calibration>
  </depth_map>
  <depth_map camera_id="83" level="2" path="2/d83.exr">
    <calibration type="frame">
      <resolution width="252" height="189"/>
      <f>202.8347410941638</f>
      <cx>1.9185830003342517</cx>
      <cy>-1.341202525237307</cy>
    </calibration>
  </depth_map>
  <depth_map camera_id="84" level="0" path="0/d84.exr">
    <calibration type="frame">
      <resolution width="1008" height="756"/>
      <f>811.33896437665521</f>
      <cx>7.6743320013370067</cx>
      <cy>-5.3648101009492279</cy>
    </calibration>
  </depth_map>
  <depth_map camera_id="84" level="1" path="1/d84.exr">
    <calibration type="frame">
      <resolution width="504" height="378"/>
      <f>405.66948218832761</f>
      <cx>3.8371660006685033</cx>
      <cy>-2.682405050474614</cy>
    </calibration>
  </depth_map>
  <depth_map camera_id="84" level="2" path="2/d84.exr">
    <calibration type="frame">
      <resolution width="252" height="189"/>
      <f>202.8347410941638</f>
      <cx>1.9185830003342517</cx>
      <cy>-1.341202525237307</cy>
    </calibration>
  </depth_map>
  <depth_map camera_id="85" level="0" path="0/d85.exr">
    <calibration type="frame">
      <resolution width="1008" height="756"/>
      <f>811.33896437665521</f>
      <cx>7.6743320013370067</cx>
      <cy>-5.3648101009492279</cy>
    </calibration>
  </depth_map>
  <depth_map camera_id="85" level="1" path="1/d85.exr">
    <calibration type="frame">
      <resolution width="504" height="378"/>
      <f>405.66948218832761</f>
      <cx>3.8371660006685033</cx>
      <cy>-2.682405050474614</cy>
    </calibration>
  </depth_map>
  <depth_map camera_id="85" level="2" path="2/d85.exr">
    <calibration type="frame">
      <resolution width="252" height="189"/>
      <f>202.8347410941638</f>
      <cx>1.9185830003342517</cx>
      <cy>-1.341202525237307</cy>
    </calibration>
  </depth_map>
  <depth_map camera_id="86" level="0" path="0/d86.exr">
    <calibration type="frame">
      <resolution width="1008" height="756"/>
      <f>811.33896437665521</f>
      <cx>7.6743320013370067</cx>
      <cy>-5.3648101009492279</cy>
    </calibration>
  </depth_map>
  <depth_map camera_id="86" level="1" path="1/d86.exr">
    <calibration type="frame">
      <resolution width="504" height="378"/>
      <f>405.66948218832761</f>
      <cx>3.8371660006685033</cx>
      <cy>-2.682405050474614</cy>
    </calibration>
  </depth_map>
  <depth_map camera_id="86" level="2" path="2/d86.exr">
    <calibration type="frame">
      <resolution width="252" height="189"/>
      <f>202.8347410941638</f>
      <cx>1.9185830003342517</cx>
      <cy>-1.341202525237307</cy>
    </calibration>
  </depth_map>
  <depth_map camera_id="87" level="0" path="0/d87.exr">
    <calibration type="frame">
      <resolution width="1008" height="756"/>
      <f>811.33896437665521</f>
      <cx>7.6743320013370067</cx>
      <cy>-5.3648101009492279</cy>
    </calibration>
  </depth_map>
  <depth_map camera_id="87" level="1" path="1/d87.exr">
    <calibration type="frame">
      <resolution width="504" height="378"/>
      <f>405.66948218832761</f>
      <cx>3.8371660006685033</cx>
      <cy>-2.682405050474614</cy>
    </calibration>
  </depth_map>
  <depth_map camera_id="87" level="2" path="2/d87.exr">
    <calibration type="frame">
      <resolution width="252" height="189"/>
      <f>202.8347410941638</f>
      <cx>1.9185830003342517</cx>
      <cy>-1.341202525237307</cy>
    </calibration>
  </depth_map>
  <depth_map camera_id="88" level="0" path="0/d88.exr">
    <calibration type="frame">
      <resolution width="1008" height="756"/>
      <f>811.33896437665521</f>
      <cx>7.6743320013370067</cx>
      <cy>-5.3648101009492279</cy>
    </calibration>
  </depth_map>
  <depth_map camera_id="88" level="1" path="1/d88.exr">
    <calibration type="frame">
      <resolution width="504" height="378"/>
      <f>405.66948218832761</f>
      <cx>3.8371660006685033</cx>
      <cy>-2.682405050474614</cy>
    </calibration>
  </depth_map>
  <depth_map camera_id="88" level="2" path="2/d88.exr">
    <calibration type="frame">
      <resolution width="252" height="189"/>
      <f>202.8347410941638</f>
      <cx>1.9185830003342517</cx>
      <cy>-1.341202525237307</cy>
    </calibration>
  </depth_map>
  <depth_map camera_id="89" level="0" path="0/d89.exr">
    <calibration type="frame">
      <resolution width="1008" height="756"/>
      <f>811.33896437665521</f>
      <cx>7.6743320013370067</cx>
      <cy>-5.3648101009492279</cy>
    </calibration>
  </depth_map>
  <depth_map camera_id="89" level="1" path="1/d89.exr">
    <calibration type="frame">
      <resolution width="504" height="378"/>
      <f>405.66948218832761</f>
      <cx>3.8371660006685033</cx>
      <cy>-2.682405050474614</cy>
    </calibration>
  </depth_map>
  <depth_map camera_id="89" level="2" path="2/d89.exr">
    <calibration type="frame">
      <resolution width="252" height="189"/>
      <f>202.8347410941638</f>
      <cx>1.9185830003342517</cx>
      <cy>-1.341202525237307</cy>
    </calibration>
  </depth_map>
  <depth_map camera_id="90" level="0" path="0/d90.exr">
    <calibration type="frame">
      <resolution width="1008" height="756"/>
      <f>811.33896437665521</f>
      <cx>7.6743320013370067</cx>
      <cy>-5.3648101009492279</cy>
    </calibration>
  </depth_map>
  <depth_map camera_id="90" level="1" path="1/d90.exr">
    <calibration type="frame">
      <resolution width="504" height="378"/>
      <f>405.66948218832761</f>
      <cx>3.8371660006685033</cx>
      <cy>-2.682405050474614</cy>
    </calibration>
  </depth_map>
  <depth_map camera_id="90" level="2" path="2/d90.exr">
    <calibration type="frame">
      <resolution width="252" height="189"/>
      <f>202.8347410941638</f>
      <cx>1.9185830003342517</cx>
      <cy>-1.341202525237307</cy>
    </calibration>
  </depth_map>
  <depth_map camera_id="91" level="0" path="0/d91.exr">
    <calibration type="frame">
      <resolution width="1008" height="756"/>
      <f>811.33896437665521</f>
      <cx>7.6743320013370067</cx>
      <cy>-5.3648101009492279</cy>
    </calibration>
  </depth_map>
  <depth_map camera_id="91" level="1" path="1/d91.exr">
    <calibration type="frame">
      <resolution width="504" height="378"/>
      <f>405.66948218832761</f>
      <cx>3.8371660006685033</cx>
      <cy>-2.682405050474614</cy>
    </calibration>
  </depth_map>
  <depth_map camera_id="91" level="2" path="2/d91.exr">
    <calibration type="frame">
      <resolution width="252" height="189"/>
      <f>202.8347410941638</f>
      <cx>1.9185830003342517</cx>
      <cy>-1.341202525237307</cy>
    </calibration>
  </depth_map>
  <depth_map camera_id="92" level="0" path="0/d92.exr">
    <calibration type="frame">
      <resolution width="1008" height="756"/>
      <f>811.33896437665521</f>
      <cx>7.6743320013370067</cx>
      <cy>-5.3648101009492279</cy>
    </calibration>
  </depth_map>
  <depth_map camera_id="92" level="1" path="1/d92.exr">
    <calibration type="frame">
      <resolution width="504" height="378"/>
      <f>405.66948218832761</f>
      <cx>3.8371660006685033</cx>
      <cy>-2.682405050474614</cy>
    </calibration>
  </depth_map>
  <depth_map camera_id="92" level="2" path="2/d92.exr">
    <calibration type="frame">
      <resolution width="252" height="189"/>
      <f>202.8347410941638</f>
      <cx>1.9185830003342517</cx>
      <cy>-1.341202525237307</cy>
    </calibration>
  </depth_map>
  <depth_map camera_id="93" level="0" path="0/d93.exr">
    <calibration type="frame">
      <resolution width="1008" height="756"/>
      <f>811.33896437665521</f>
      <cx>7.6743320013370067</cx>
      <cy>-5.3648101009492279</cy>
    </calibration>
  </depth_map>
  <depth_map camera_id="93" level="1" path="1/d93.exr">
    <calibration type="frame">
      <resolution width="504" height="378"/>
      <f>405.66948218832761</f>
      <cx>3.8371660006685033</cx>
      <cy>-2.682405050474614</cy>
    </calibration>
  </depth_map>
  <depth_map camera_id="93" level="2" path="2/d93.exr">
    <calibration type="frame">
      <resolution width="252" height="189"/>
      <f>202.8347410941638</f>
      <cx>1.9185830003342517</cx>
      <cy>-1.341202525237307</cy>
    </calibration>
  </depth_map>
  <depth_map camera_id="94" level="0" path="0/d94.exr">
    <calibration type="frame">
      <resolution width="1008" height="756"/>
      <f>811.33896437665521</f>
      <cx>7.6743320013370067</cx>
      <cy>-5.3648101009492279</cy>
    </calibration>
  </depth_map>
  <depth_map camera_id="94" level="1" path="1/d94.exr">
    <calibration type="frame">
      <resolution width="504" height="378"/>
      <f>405.66948218832761</f>
      <cx>3.8371660006685033</cx>
      <cy>-2.682405050474614</cy>
    </calibration>
  </depth_map>
  <depth_map camera_id="94" level="2" path="2/d94.exr">
    <calibration type="frame">
      <resolution width="252" height="189"/>
      <f>202.8347410941638</f>
      <cx>1.9185830003342517</cx>
      <cy>-1.341202525237307</cy>
    </calibration>
  </depth_map>
  <depth_map camera_id="95" level="0" path="0/d95.exr">
    <calibration type="frame">
      <resolution width="1008" height="756"/>
      <f>811.33896437665521</f>
      <cx>7.6743320013370067</cx>
      <cy>-5.3648101009492279</cy>
    </calibration>
  </depth_map>
  <depth_map camera_id="95" level="1" path="1/d95.exr">
    <calibration type="frame">
      <resolution width="504" height="378"/>
      <f>405.66948218832761</f>
      <cx>3.8371660006685033</cx>
      <cy>-2.682405050474614</cy>
    </calibration>
  </depth_map>
  <depth_map camera_id="95" level="2" path="2/d95.exr">
    <calibration type="frame">
      <resolution width="252" height="189"/>
      <f>202.8347410941638</f>
      <cx>1.9185830003342517</cx>
      <cy>-1.341202525237307</cy>
    </calibration>
  </depth_map>
  <depth_map camera_id="96" level="0" path="0/d96.exr">
    <calibration type="frame">
      <resolution width="1008" height="756"/>
      <f>811.33896437665521</f>
      <cx>7.6743320013370067</cx>
      <cy>-5.3648101009492279</cy>
    </calibration>
  </depth_map>
  <depth_map camera_id="96" level="1" path="1/d96.exr">
    <calibration type="frame">
      <resolution width="504" height="378"/>
      <f>405.66948218832761</f>
      <cx>3.8371660006685033</cx>
      <cy>-2.682405050474614</cy>
    </calibration>
  </depth_map>
  <depth_map camera_id="96" level="2" path="2/d96.exr">
    <calibration type="frame">
      <resolution width="252" height="189"/>
      <f>202.8347410941638</f>
      <cx>1.9185830003342517</cx>
      <cy>-1.341202525237307</cy>
    </calibration>
  </depth_map>
</depth_maps>
